     0.001090805,<not counted>,,branch-misses:u,0,100.00,,
     0.001090805,<not counted>,,cache-misses:u,0,100.00,,
     0.001090805,<not counted>,,bus-cycles:u,0,100.00,,
     0.001090805,<not counted>,,instructions:u,0,100.00,,
     0.002671524,2517,,branch-misses:u,1368256,100.00,,
     0.002671524,1784,,cache-misses:u,1375968,100.00,,
     0.002671524,440152,,bus-cycles:u,1378720,100.00,,
     0.002671524,109511,,instructions:u,1381472,100.00,,
     0.003911410,0,,branch-misses:u,1237184,100.00,,
     0.003911410,2220,,cache-misses:u,1237024,100.00,,
     0.003911410,62418,,bus-cycles:u,1236832,100.00,,
     0.003911410,55808,,instructions:u,1238208,100.00,,
     0.005132852,1,,branch-misses:u,1222048,100.00,,
     0.005132852,795,,cache-misses:u,1220032,100.00,,
     0.005132852,43744,,bus-cycles:u,1220320,100.00,,
     0.005132852,48925,,instructions:u,1219072,100.00,,
     0.006331664,1,,branch-misses:u,1199776,100.00,,
     0.006331664,49,,cache-misses:u,1199552,100.00,,
     0.006331664,237810,,bus-cycles:u,1201472,100.00,,
     0.006331664,233699,,instructions:u,1201568,100.00,,
     0.007540001,0,,branch-misses:u,1211392,100.00,,
     0.007540001,10,,cache-misses:u,1216096,100.00,,
     0.007540001,126798,,bus-cycles:u,1216736,100.00,,
     0.007540001,131072,,instructions:u,1219072,100.00,,
     0.008767517,0,,branch-misses:u,1054752,100.00,,
     0.008767517,13,,cache-misses:u,1044736,100.00,,
     0.008767517,251584,,bus-cycles:u,1039328,100.00,,
     0.008767517,262144,,instructions:u,1034016,100.00,,
     0.009948621,0,,branch-misses:u,981792,100.00,,
     0.009948621,2,,cache-misses:u,986880,100.00,,
     0.009948621,252355,,bus-cycles:u,990336,100.00,,
     0.009948621,262144,,instructions:u,993568,100.00,,
     0.011154753,0,,branch-misses:u,1209376,100.00,,
     0.011154753,18,,cache-misses:u,1210656,100.00,,
     0.011154753,262089,,bus-cycles:u,1210912,100.00,,
     0.011154753,262144,,instructions:u,1211296,100.00,,
     0.012373766,0,,branch-misses:u,1219936,100.00,,
     0.012373766,11,,cache-misses:u,1218496,100.00,,
     0.012373766,260748,,bus-cycles:u,1218080,100.00,,
     0.012373766,262144,,instructions:u,1218016,100.00,,
     0.013570340,0,,branch-misses:u,1198336,100.00,,
     0.013570340,19,,cache-misses:u,1197504,100.00,,
     0.013570340,248410,,bus-cycles:u,1197152,100.00,,
     0.013570340,262144,,instructions:u,1197344,100.00,,
     0.014769216,0,,branch-misses:u,1199872,100.00,,
     0.014769216,10,,cache-misses:u,1199808,100.00,,
     0.014769216,248463,,bus-cycles:u,1200416,100.00,,
     0.014769216,262144,,instructions:u,1200192,100.00,,
     0.015961156,0,,branch-misses:u,1194720,100.00,,
     0.015961156,17,,cache-misses:u,1196288,100.00,,
     0.015961156,257104,,bus-cycles:u,1196192,100.00,,
     0.015961156,262144,,instructions:u,1196352,100.00,,
     0.017198389,0,,branch-misses:u,1237728,100.00,,
     0.017198389,11,,cache-misses:u,1237088,100.00,,
     0.017198389,249147,,bus-cycles:u,1238016,100.00,,
     0.017198389,262144,,instructions:u,1238016,100.00,,
     0.018403050,0,,branch-misses:u,1205024,100.00,,
     0.018403050,23,,cache-misses:u,1204864,100.00,,
     0.018403050,287980,,bus-cycles:u,1204608,100.00,,
     0.018403050,302645,,instructions:u,1205184,100.00,,
     0.019600967,0,,branch-misses:u,1200928,100.00,,
     0.019600967,72,,cache-misses:u,1202048,100.00,,
     0.019600967,272749,,bus-cycles:u,1201664,100.00,,
     0.019600967,259856,,instructions:u,1202080,100.00,,
     0.020820779,0,,branch-misses:u,1219552,100.00,,
     0.020820779,65,,cache-misses:u,1218656,100.00,,
     0.020820779,340772,,bus-cycles:u,1218176,100.00,,
     0.020820779,340948,,instructions:u,1216864,100.00,,
     0.022014892,0,,branch-misses:u,1195232,100.00,,
     0.022014892,67,,cache-misses:u,1194816,100.00,,
     0.022014892,274619,,bus-cycles:u,1194592,100.00,,
     0.022014892,276199,,instructions:u,1195328,100.00,,
     0.023208302,0,,branch-misses:u,1195264,100.00,,
     0.023208302,32,,cache-misses:u,1196768,100.00,,
     0.023208302,226946,,bus-cycles:u,1197024,100.00,,
     0.023208302,230721,,instructions:u,1196864,100.00,,
     0.024488974,0,,branch-misses:u,1283904,100.00,,
     0.024488974,64,,cache-misses:u,1282752,100.00,,
     0.024488974,289869,,bus-cycles:u,1283072,100.00,,
     0.024488974,293567,,instructions:u,1283648,100.00,,
     0.025696704,0,,branch-misses:u,1205856,100.00,,
     0.025696704,14,,cache-misses:u,1204768,100.00,,
     0.025696704,247974,,bus-cycles:u,1204544,100.00,,
     0.025696704,262144,,instructions:u,1203616,100.00,,
     0.026889507,0,,branch-misses:u,1194400,100.00,,
     0.026889507,9,,cache-misses:u,1195552,100.00,,
     0.026889507,248680,,bus-cycles:u,1195168,100.00,,
     0.026889507,262144,,instructions:u,1194912,100.00,,
     0.028082725,0,,branch-misses:u,1199264,100.00,,
     0.028082725,12,,cache-misses:u,1200128,100.00,,
     0.028082725,248555,,bus-cycles:u,1200576,100.00,,
     0.028082725,262144,,instructions:u,1200960,100.00,,
     0.029309889,0,,branch-misses:u,1225216,100.00,,
     0.029309889,17,,cache-misses:u,1224032,100.00,,
     0.029309889,248513,,bus-cycles:u,1224352,100.00,,
     0.029309889,262144,,instructions:u,1223968,100.00,,
     0.030510427,0,,branch-misses:u,1201536,100.00,,
     0.030510427,10,,cache-misses:u,1201184,100.00,,
     0.030510427,253462,,bus-cycles:u,1200416,100.00,,
     0.030510427,262144,,instructions:u,1200544,100.00,,
     0.031699746,0,,branch-misses:u,839296,100.00,,
     0.031699746,10,,cache-misses:u,840160,100.00,,
     0.031699746,252822,,bus-cycles:u,840352,100.00,,
     0.031699746,262144,,instructions:u,840416,100.00,,
     0.032887882,0,,branch-misses:u,1165248,100.00,,
     0.032887882,9,,cache-misses:u,1165088,100.00,,
     0.032887882,257390,,bus-cycles:u,1165792,100.00,,
     0.032887882,262144,,instructions:u,1165440,100.00,,
     0.034082730,0,,branch-misses:u,1195968,100.00,,
     0.034082730,10,,cache-misses:u,1195648,100.00,,
     0.034082730,251370,,bus-cycles:u,1194624,100.00,,
     0.034082730,262144,,instructions:u,1194624,100.00,,
     0.035265560,0,,branch-misses:u,981696,100.00,,
     0.035265560,15,,cache-misses:u,976960,100.00,,
     0.035265560,172367,,bus-cycles:u,974080,100.00,,
     0.035265560,184589,,instructions:u,970912,100.00,,
     0.036442732,0,,branch-misses:u,1038144,100.00,,
     0.036442732,16,,cache-misses:u,1043072,100.00,,
     0.036442732,216913,,bus-cycles:u,1046080,100.00,,
     0.036442732,208627,,instructions:u,1049600,100.00,,
     0.037626777,0,,branch-misses:u,1186720,100.00,,
     0.037626777,29,,cache-misses:u,1186688,100.00,,
     0.037626777,266406,,bus-cycles:u,1186560,100.00,,
     0.037626777,284917,,instructions:u,1186400,100.00,,
     0.038808776,0,,branch-misses:u,1181472,100.00,,
     0.038808776,54,,cache-misses:u,1180832,100.00,,
     0.038808776,370052,,bus-cycles:u,1181024,100.00,,
     0.038808776,370443,,instructions:u,1181248,100.00,,
     0.039984734,0,,branch-misses:u,1180640,100.00,,
     0.039984734,10,,cache-misses:u,1181568,100.00,,
     0.039984734,254600,,bus-cycles:u,1181856,100.00,,
     0.039984734,262144,,instructions:u,1182688,100.00,,
     0.041181596,0,,branch-misses:u,1194240,100.00,,
     0.041181596,11,,cache-misses:u,1193216,100.00,,
     0.041181596,248543,,bus-cycles:u,1192416,100.00,,
     0.041181596,262144,,instructions:u,1191360,100.00,,
     0.042359279,0,,branch-misses:u,1179616,100.00,,
     0.042359279,11,,cache-misses:u,1179712,100.00,,
     0.042359279,247928,,bus-cycles:u,1181408,100.00,,
     0.042359279,262144,,instructions:u,1181536,100.00,,
     0.043535429,0,,branch-misses:u,839008,100.00,,
     0.043535429,23,,cache-misses:u,840064,100.00,,
     0.043535429,224398,,bus-cycles:u,838304,100.00,,
     0.043535429,232889,,instructions:u,837728,100.00,,
     0.044728168,0,,branch-misses:u,1172320,100.00,,
     0.044728168,54,,cache-misses:u,1172544,100.00,,
     0.044728168,287830,,bus-cycles:u,1173248,100.00,,
     0.044728168,291399,,instructions:u,1173728,100.00,,
     0.045906970,0,,branch-misses:u,1180992,100.00,,
     0.045906970,12,,cache-misses:u,1179552,100.00,,
     0.045906970,251229,,bus-cycles:u,1179520,100.00,,
     0.045906970,262144,,instructions:u,1178880,100.00,,
     0.047151714,0,,branch-misses:u,1245344,100.00,,
     0.047151714,10,,cache-misses:u,1247168,100.00,,
     0.047151714,248400,,bus-cycles:u,1247104,100.00,,
     0.047151714,262144,,instructions:u,1247968,100.00,,
     0.048338700,0,,branch-misses:u,1189952,100.00,,
     0.048338700,23,,cache-misses:u,1188256,100.00,,
     0.048338700,284934,,bus-cycles:u,1187936,100.00,,
     0.048338700,303789,,instructions:u,1187392,100.00,,
     0.049510790,0,,branch-misses:u,1171648,100.00,,
     0.049510790,50,,cache-misses:u,1171200,100.00,,
     0.049510790,350819,,bus-cycles:u,1171200,100.00,,
     0.049510790,351571,,instructions:u,1171776,100.00,,
     0.050681058,0,,branch-misses:u,1172448,100.00,,
     0.050681058,11,,cache-misses:u,1172192,100.00,,
     0.050681058,247946,,bus-cycles:u,1173184,100.00,,
     0.050681058,262144,,instructions:u,1172480,100.00,,
     0.051854170,0,,branch-misses:u,1175456,100.00,,
     0.051854170,20,,cache-misses:u,1176896,100.00,,
     0.051854170,257500,,bus-cycles:u,1175744,100.00,,
     0.051854170,262144,,instructions:u,1176000,100.00,,
     0.053042147,0,,branch-misses:u,1188736,100.00,,
     0.053042147,12,,cache-misses:u,1187776,100.00,,
     0.053042147,248748,,bus-cycles:u,1188128,100.00,,
     0.053042147,262144,,instructions:u,1188448,100.00,,
     0.054218392,0,,branch-misses:u,1178048,100.00,,
     0.054218392,30,,cache-misses:u,1178112,100.00,,
     0.054218392,308890,,bus-cycles:u,1177984,100.00,,
     0.054218392,328653,,instructions:u,1177472,100.00,,
     0.055393742,0,,branch-misses:u,1175040,100.00,,
     0.055393742,54,,cache-misses:u,1174944,100.00,,
     0.055393742,325651,,bus-cycles:u,1175232,100.00,,
     0.055393742,326707,,instructions:u,1175840,100.00,,
     0.056575294,0,,branch-misses:u,1183488,100.00,,
     0.056575294,10,,cache-misses:u,1183296,100.00,,
     0.056575294,247644,,bus-cycles:u,1184064,100.00,,
     0.056575294,262144,,instructions:u,1184096,100.00,,
     0.057752530,0,,branch-misses:u,1177792,100.00,,
     0.057752530,8,,cache-misses:u,1178560,100.00,,
     0.057752530,247999,,bus-cycles:u,1177344,100.00,,
     0.057752530,262144,,instructions:u,1176352,100.00,,
     0.058925003,0,,branch-misses:u,1174784,100.00,,
     0.058925003,12,,cache-misses:u,1174368,100.00,,
     0.058925003,248947,,bus-cycles:u,1174208,100.00,,
     0.058925003,262144,,instructions:u,1174336,100.00,,
     0.060126500,0,,branch-misses:u,1204000,100.00,,
     0.060126500,56,,cache-misses:u,1205312,100.00,,
     0.060126500,369367,,bus-cycles:u,1205696,100.00,,
     0.060126500,380257,,instructions:u,1207040,100.00,,
     0.061316234,0,,branch-misses:u,1189280,100.00,,
     0.061316234,65,,cache-misses:u,1188224,100.00,,
     0.061316234,271018,,bus-cycles:u,1188128,100.00,,
     0.061316234,275103,,instructions:u,1186560,100.00,,
     0.062489283,0,,branch-misses:u,1174432,100.00,,
     0.062489283,10,,cache-misses:u,1173792,100.00,,
     0.062489283,247896,,bus-cycles:u,1173568,100.00,,
     0.062489283,262144,,instructions:u,1174080,100.00,,
     0.063658497,0,,branch-misses:u,1173024,100.00,,
     0.063658497,10,,cache-misses:u,1174912,100.00,,
     0.063658497,248430,,bus-cycles:u,1175328,100.00,,
     0.063658497,262144,,instructions:u,1175776,100.00,,
     0.064848486,0,,branch-misses:u,1190208,100.00,,
     0.064848486,29,,cache-misses:u,1189120,100.00,,
     0.064848486,283512,,bus-cycles:u,1189248,100.00,,
     0.064848486,304061,,instructions:u,1188576,100.00,,
     0.066022334,0,,branch-misses:u,1174496,100.00,,
     0.066022334,65,,cache-misses:u,1173888,100.00,,
     0.066022334,349931,,bus-cycles:u,1173824,100.00,,
     0.066022334,351299,,instructions:u,1174560,100.00,,
     0.067195096,0,,branch-misses:u,1173664,100.00,,
     0.067195096,26,,cache-misses:u,1174112,100.00,,
     0.067195096,252255,,bus-cycles:u,1174048,100.00,,
     0.067195096,262144,,instructions:u,1174080,100.00,,
     0.068373163,0,,branch-misses:u,1178880,100.00,,
     0.068373163,8,,cache-misses:u,1178816,100.00,,
     0.068373163,250666,,bus-cycles:u,1179488,100.00,,
     0.068373163,262144,,instructions:u,1179584,100.00,,
     0.069619442,0,,branch-misses:u,1249792,100.00,,
     0.069619442,9,,cache-misses:u,1250368,100.00,,
     0.069619442,254007,,bus-cycles:u,1249472,100.00,,
     0.069619442,272805,,instructions:u,1248704,100.00,,
     0.070794856,0,,branch-misses:u,1175104,100.00,,
     0.070794856,52,,cache-misses:u,1173696,100.00,,
     0.070794856,379679,,bus-cycles:u,1174272,100.00,,
     0.070794856,382555,,instructions:u,1174016,100.00,,
     0.071965635,0,,branch-misses:u,1173472,100.00,,
     0.071965635,11,,cache-misses:u,1174880,100.00,,
     0.071965635,249443,,bus-cycles:u,1174528,100.00,,
     0.071965635,262144,,instructions:u,1174656,100.00,,
     0.073157000,0,,branch-misses:u,1191488,100.00,,
     0.073157000,12,,cache-misses:u,1190272,100.00,,
     0.073157000,247758,,bus-cycles:u,1190432,100.00,,
     0.073157000,262144,,instructions:u,1190688,100.00,,
     0.074330848,0,,branch-misses:u,1175584,100.00,,
     0.074330848,11,,cache-misses:u,1176544,100.00,,
     0.074330848,251850,,bus-cycles:u,1176160,100.00,,
     0.074330848,262144,,instructions:u,1177056,100.00,,
     0.075504024,0,,branch-misses:u,1175296,100.00,,
     0.075504024,16,,cache-misses:u,1175232,100.00,,
     0.075504024,258925,,bus-cycles:u,1176928,100.00,,
     0.075504024,262144,,instructions:u,1175904,100.00,,
     0.076693439,0,,branch-misses:u,1188928,100.00,,
     0.076693439,26,,cache-misses:u,1188448,100.00,,
     0.076693439,386400,,bus-cycles:u,1188096,100.00,,
     0.076693439,393216,,instructions:u,1187936,100.00,,
     0.077869141,5,,branch-misses:u,1176768,100.00,,
     0.077869141,3378,,cache-misses:u,1176608,100.00,,
     0.077869141,292014,,bus-cycles:u,1175040,100.00,,
     0.077869141,194720,,instructions:u,1175360,100.00,,
     0.079061304,1,,branch-misses:u,1190880,100.00,,
     0.079061304,59032,,cache-misses:u,1190496,100.00,,
     0.079061304,1556906,,bus-cycles:u,1190688,100.00,,
     0.079061304,354219,,instructions:u,1190656,100.00,,
     0.080227097,1,,branch-misses:u,1165472,100.00,,
     0.080227097,82872,,cache-misses:u,1165120,100.00,,
     0.080227097,1553968,,bus-cycles:u,1165056,100.00,,
     0.080227097,447463,,instructions:u,1164608,100.00,,
     0.081376717,2,,branch-misses:u,1150752,100.00,,
     0.081376717,85503,,cache-misses:u,1150432,100.00,,
     0.081376717,1533629,,bus-cycles:u,1150304,100.00,,
     0.081376717,458823,,instructions:u,1150336,100.00,,
     0.082525089,1,,branch-misses:u,1149216,100.00,,
     0.082525089,91096,,cache-misses:u,1149344,100.00,,
     0.082525089,1532468,,bus-cycles:u,1149504,100.00,,
     0.082525089,490457,,instructions:u,1149568,100.00,,
     0.083675028,3,,branch-misses:u,1152800,100.00,,
     0.083675028,92790,,cache-misses:u,1153024,100.00,,
     0.083675028,1528201,,bus-cycles:u,1152896,100.00,,
     0.083675028,502167,,instructions:u,1153120,100.00,,
     0.084832830,2,,branch-misses:u,1158048,100.00,,
     0.084832830,97874,,cache-misses:u,1157632,100.00,,
     0.084832830,1543775,,bus-cycles:u,1157696,100.00,,
     0.084832830,529554,,instructions:u,1157472,100.00,,
     0.085986317,2,,branch-misses:u,1157440,100.00,,
     0.085986317,130097,,cache-misses:u,1157472,100.00,,
     0.085986317,1543445,,bus-cycles:u,1157568,100.00,,
     0.085986317,732261,,instructions:u,1157728,100.00,,
     0.087140252,4,,branch-misses:u,1153376,100.00,,
     0.087140252,152938,,cache-misses:u,1153312,100.00,,
     0.087140252,1529417,,bus-cycles:u,1153280,100.00,,
     0.087140252,885753,,instructions:u,1153024,100.00,,
     0.088296455,3,,branch-misses:u,1156480,100.00,,
     0.088296455,154599,,cache-misses:u,1156448,100.00,,
     0.088296455,1541354,,bus-cycles:u,1156352,100.00,,
     0.088296455,894231,,instructions:u,1156256,100.00,,
     0.089446234,4,,branch-misses:u,1151232,100.00,,
     0.089446234,156741,,cache-misses:u,1151264,100.00,,
     0.089446234,1533808,,bus-cycles:u,1151104,100.00,,
     0.089446234,901747,,instructions:u,1151168,100.00,,
     0.090673335,3,,branch-misses:u,1228992,100.00,,
     0.090673335,168943,,cache-misses:u,1228992,100.00,,
     0.090673335,1638332,,bus-cycles:u,1229120,100.00,,
     0.090673335,981230,,instructions:u,1229056,100.00,,
     0.091826949,3,,branch-misses:u,1155392,100.00,,
     0.091826949,157195,,cache-misses:u,1156160,100.00,,
     0.091826949,1532954,,bus-cycles:u,1156128,100.00,,
     0.091826949,918445,,instructions:u,1156128,100.00,,
     0.092984144,3,,branch-misses:u,1157536,100.00,,
     0.092984144,163902,,cache-misses:u,1156896,100.00,,
     0.092984144,1541084,,bus-cycles:u,1156960,100.00,,
     0.092984144,954387,,instructions:u,1156864,100.00,,
     0.094135106,3,,branch-misses:u,1152704,100.00,,
     0.094135106,165411,,cache-misses:u,1152480,100.00,,
     0.094135106,1536032,,bus-cycles:u,1152480,100.00,,
     0.094135106,960875,,instructions:u,1152608,100.00,,
     0.095286132,5,,branch-misses:u,1152832,100.00,,
     0.095286132,165653,,cache-misses:u,1152864,100.00,,
     0.095286132,1529184,,bus-cycles:u,1152864,100.00,,
     0.095286132,957378,,instructions:u,1152928,100.00,,
     0.096440705,3,,branch-misses:u,1155648,100.00,,
     0.096440705,167041,,cache-misses:u,1156160,100.00,,
     0.096440705,1540848,,bus-cycles:u,1156160,100.00,,
     0.096440705,968926,,instructions:u,1156000,100.00,,
     0.097591124,3,,branch-misses:u,1150848,100.00,,
     0.097591124,166002,,cache-misses:u,1150304,100.00,,
     0.097591124,1533923,,bus-cycles:u,1150240,100.00,,
     0.097591124,963743,,instructions:u,1150400,100.00,,
     0.098739816,4,,branch-misses:u,1149856,100.00,,
     0.098739816,165737,,cache-misses:u,1149920,100.00,,
     0.098739816,1533708,,bus-cycles:u,1149920,100.00,,
     0.098739816,961210,,instructions:u,1149824,100.00,,
     0.099890266,3,,branch-misses:u,1152736,100.00,,
     0.099890266,166370,,cache-misses:u,1152864,100.00,,
     0.099890266,1528916,,bus-cycles:u,1152864,100.00,,
     0.099890266,972050,,instructions:u,1152960,100.00,,
     0.101044552,4,,branch-misses:u,1154752,100.00,,
     0.101044552,167193,,cache-misses:u,1154464,100.00,,
     0.101044552,1538999,,bus-cycles:u,1154432,100.00,,
     0.101044552,968634,,instructions:u,1154432,100.00,,
     0.102194363,4,,branch-misses:u,1150688,100.00,,
     0.102194363,165631,,cache-misses:u,1150752,100.00,,
     0.102194363,1534187,,bus-cycles:u,1150816,100.00,,
     0.102194363,961537,,instructions:u,1150624,100.00,,
     0.103344206,4,,branch-misses:u,1152128,100.00,,
     0.103344206,168090,,cache-misses:u,1152672,100.00,,
     0.103344206,1529199,,bus-cycles:u,1152672,100.00,,
     0.103344206,982014,,instructions:u,1152864,100.00,,
     0.104497693,4,,branch-misses:u,1154144,100.00,,
     0.104497693,170482,,cache-misses:u,1153600,100.00,,
     0.104497693,1538494,,bus-cycles:u,1153472,100.00,,
     0.104497693,995103,,instructions:u,1153440,100.00,,
     0.105647568,3,,branch-misses:u,1151104,100.00,,
     0.105647568,168187,,cache-misses:u,1151168,100.00,,
     0.105647568,1534985,,bus-cycles:u,1151392,100.00,,
     0.105647568,986207,,instructions:u,1151360,100.00,,
     0.106797443,4,,branch-misses:u,1164864,100.00,,
     0.106797443,169707,,cache-misses:u,1167072,100.00,,
     0.106797443,1558472,,bus-cycles:u,1168960,100.00,,
     0.106797443,985870,,instructions:u,1170080,100.00,,
     0.108053663,3,,branch-misses:u,1246688,100.00,,
     0.108053663,177074,,cache-misses:u,1246016,100.00,,
     0.108053663,1652222,,bus-cycles:u,1245216,100.00,,
     0.108053663,1026473,,instructions:u,1245152,100.00,,
     0.109254744,4,,branch-misses:u,1200864,100.00,,
     0.109254744,173811,,cache-misses:u,1199744,100.00,,
     0.109254744,1598312,,bus-cycles:u,1198912,100.00,,
     0.109254744,1009410,,instructions:u,1198272,100.00,,
     0.110415870,3,,branch-misses:u,1162336,100.00,,
     0.110415870,168752,,cache-misses:u,1161984,100.00,,
     0.110415870,1548952,,bus-cycles:u,1161760,100.00,,
     0.110415870,981373,,instructions:u,1161376,100.00,,
     0.111569517,3,,branch-misses:u,1154656,100.00,,
     0.111569517,167012,,cache-misses:u,1155104,100.00,,
     0.111569517,1531753,,bus-cycles:u,1154944,100.00,,
     0.111569517,974057,,instructions:u,1155040,100.00,,
     0.113253192,5,,branch-misses:u,1686304,100.00,,
     0.113253192,241682,,cache-misses:u,1686336,100.00,,
     0.113253192,2251265,,bus-cycles:u,1686720,100.00,,
     0.113253192,1396238,,instructions:u,1686976,100.00,,
     0.114411473,3,,branch-misses:u,1158240,100.00,,
     0.114411473,167775,,cache-misses:u,1157536,100.00,,
     0.114411473,1542418,,bus-cycles:u,1157216,100.00,,
     0.114411473,971894,,instructions:u,1156864,100.00,,
     0.115562371,4,,branch-misses:u,1152576,100.00,,
     0.115562371,168857,,cache-misses:u,1152704,100.00,,
     0.115562371,1528383,,bus-cycles:u,1152704,100.00,,
     0.115562371,980885,,instructions:u,1152608,100.00,,
     0.116716529,3,,branch-misses:u,1154880,100.00,,
     0.116716529,168098,,cache-misses:u,1154976,100.00,,
     0.116716529,1540555,,bus-cycles:u,1154848,100.00,,
     0.116716529,976476,,instructions:u,1154912,100.00,,
     0.117864263,3,,branch-misses:u,1149024,100.00,,
     0.117864263,167935,,cache-misses:u,1148992,100.00,,
     0.117864263,1532256,,bus-cycles:u,1149024,100.00,,
     0.117864263,973572,,instructions:u,1149056,100.00,,
     0.119012571,4,,branch-misses:u,1149440,100.00,,
     0.119012571,169626,,cache-misses:u,1149568,100.00,,
     0.119012571,1533209,,bus-cycles:u,1149568,100.00,,
     0.119012571,987859,,instructions:u,1149600,100.00,,
     0.120172291,3,,branch-misses:u,1161824,100.00,,
     0.120172291,167837,,cache-misses:u,1161888,100.00,,
     0.120172291,1541590,,bus-cycles:u,1162016,100.00,,
     0.120172291,975294,,instructions:u,1162080,100.00,,
     0.121322038,3,,branch-misses:u,1150304,100.00,,
     0.121322038,170909,,cache-misses:u,1149984,100.00,,
     0.121322038,1533890,,bus-cycles:u,1149984,100.00,,
     0.121322038,996543,,instructions:u,1149856,100.00,,
     0.122468429,4,,branch-misses:u,1147840,100.00,,
     0.122468429,166868,,cache-misses:u,1148064,100.00,,
     0.122468429,1531258,,bus-cycles:u,1147968,100.00,,
     0.122468429,970530,,instructions:u,1147968,100.00,,
     0.123615523,3,,branch-misses:u,1149120,100.00,,
     0.123615523,167463,,cache-misses:u,1150432,100.00,,
     0.123615523,1513953,,bus-cycles:u,1150528,100.00,,
     0.123615523,970551,,instructions:u,1150496,100.00,,
     0.124766677,3,,branch-misses:u,1151680,100.00,,
     0.124766677,168225,,cache-misses:u,1150208,100.00,,
     0.124766677,1533719,,bus-cycles:u,1150208,100.00,,
     0.124766677,975735,,instructions:u,1150336,100.00,,
     0.125913132,4,,branch-misses:u,1147616,100.00,,
     0.125913132,169595,,cache-misses:u,1147552,100.00,,
     0.125913132,1530364,,bus-cycles:u,1147424,100.00,,
     0.125913132,988058,,instructions:u,1147424,100.00,,
     0.127058436,3,,branch-misses:u,1147040,100.00,,
     0.127058436,166227,,cache-misses:u,1147104,100.00,,
     0.127058436,1520850,,bus-cycles:u,1147168,100.00,,
     0.127058436,962460,,instructions:u,1147104,100.00,,
     0.128206681,3,,branch-misses:u,1148864,100.00,,
     0.128206681,167494,,cache-misses:u,1148960,100.00,,
     0.128206681,1531943,,bus-cycles:u,1148896,100.00,,
     0.128206681,978552,,instructions:u,1148832,100.00,,
     0.129351218,3,,branch-misses:u,1145824,100.00,,
     0.129351218,166010,,cache-misses:u,1145760,100.00,,
     0.129351218,1527837,,bus-cycles:u,1145760,100.00,,
     0.129351218,965326,,instructions:u,1145824,100.00,,
     0.130497161,4,,branch-misses:u,1147168,100.00,,
     0.130497161,170372,,cache-misses:u,1147008,100.00,,
     0.130497161,1529405,,bus-cycles:u,1147072,100.00,,
     0.130497161,994079,,instructions:u,1147040,100.00,,
     0.131642369,3,,branch-misses:u,1147424,100.00,,
     0.131642369,166219,,cache-misses:u,1147680,100.00,,
     0.131642369,1523137,,bus-cycles:u,1147712,100.00,,
     0.131642369,965106,,instructions:u,1147776,100.00,,
     0.132791925,3,,branch-misses:u,1150208,100.00,,
     0.132791925,167435,,cache-misses:u,1150240,100.00,,
     0.132791925,1533464,,bus-cycles:u,1150240,100.00,,
     0.132791925,972765,,instructions:u,1150240,100.00,,
     0.133954937,4,,branch-misses:u,1164768,100.00,,
     0.133954937,168693,,cache-misses:u,1164800,100.00,,
     0.133954937,1553567,,bus-cycles:u,1164800,100.00,,
     0.133954937,985852,,instructions:u,1164800,100.00,,
     0.135104300,3,,branch-misses:u,1151456,100.00,,
     0.135104300,169543,,cache-misses:u,1151712,100.00,,
     0.135104300,1528091,,bus-cycles:u,1151840,100.00,,
     0.135104300,988907,,instructions:u,1151840,100.00,,
     0.136264244,3,,branch-misses:u,1160448,100.00,,
     0.136264244,168877,,cache-misses:u,1160224,100.00,,
     0.136264244,1547022,,bus-cycles:u,1159936,100.00,,
     0.136264244,980064,,instructions:u,1159936,100.00,,
     0.137412840,4,,branch-misses:u,1149600,100.00,,
     0.137412840,166265,,cache-misses:u,1149376,100.00,,
     0.137412840,1532534,,bus-cycles:u,1149504,100.00,,
     0.137412840,966610,,instructions:u,1149408,100.00,,
     0.138559807,3,,branch-misses:u,1148192,100.00,,
     0.138559807,169206,,cache-misses:u,1148224,100.00,,
     0.138559807,1530993,,bus-cycles:u,1148128,100.00,,
     0.138559807,988011,,instructions:u,1148224,100.00,,
     0.139706325,4,,branch-misses:u,1148480,100.00,,
     0.139706325,167023,,cache-misses:u,1148352,100.00,,
     0.139706325,1523330,,bus-cycles:u,1148480,100.00,,
     0.139706325,968513,,instructions:u,1148448,100.00,,
     0.140856520,4,,branch-misses:u,1150784,100.00,,
     0.140856520,167260,,cache-misses:u,1150848,100.00,,
     0.140856520,1534820,,bus-cycles:u,1150784,100.00,,
     0.140856520,972271,,instructions:u,1150752,100.00,,
     0.142003135,3,,branch-misses:u,1147968,100.00,,
     0.142003135,169846,,cache-misses:u,1147936,100.00,,
     0.142003135,1530603,,bus-cycles:u,1147936,100.00,,
     0.142003135,987557,,instructions:u,1148000,100.00,,
     0.143149046,3,,branch-misses:u,1147744,100.00,,
     0.143149046,166502,,cache-misses:u,1147808,100.00,,
     0.143149046,1522787,,bus-cycles:u,1147808,100.00,,
     0.143149046,965862,,instructions:u,1147776,100.00,,
     0.144298282,3,,branch-misses:u,1150080,100.00,,
     0.144298282,167577,,cache-misses:u,1150112,100.00,,
     0.144298282,1533818,,bus-cycles:u,1150208,100.00,,
     0.144298282,971721,,instructions:u,1150368,100.00,,
     0.145445632,4,,branch-misses:u,1148608,100.00,,
     0.145445632,167260,,cache-misses:u,1148384,100.00,,
     0.145445632,1531034,,bus-cycles:u,1148192,100.00,,
     0.145445632,970174,,instructions:u,1148032,100.00,,
     0.146591383,3,,branch-misses:u,1146976,100.00,,
     0.146591383,168969,,cache-misses:u,1147040,100.00,,
     0.146591383,1529266,,bus-cycles:u,1147104,100.00,,
     0.146591383,987584,,instructions:u,1147072,100.00,,
     0.147737359,3,,branch-misses:u,1147840,100.00,,
     0.147737359,165664,,cache-misses:u,1147968,100.00,,
     0.147737359,1522732,,bus-cycles:u,1148064,100.00,,
     0.147737359,965727,,instructions:u,1148064,100.00,,
     0.148885891,4,,branch-misses:u,1149280,100.00,,
     0.148885891,168313,,cache-misses:u,1149248,100.00,,
     0.148885891,1532127,,bus-cycles:u,1149184,100.00,,
     0.148885891,974008,,instructions:u,1149120,100.00,,
     0.150030524,3,,branch-misses:u,1145856,100.00,,
     0.150030524,167201,,cache-misses:u,1145856,100.00,,
     0.150030524,1528261,,bus-cycles:u,1145952,100.00,,
     0.150030524,968423,,instructions:u,1145984,100.00,,
     0.151176947,3,,branch-misses:u,1148192,100.00,,
     0.151176947,165993,,cache-misses:u,1148288,100.00,,
     0.151176947,1524279,,bus-cycles:u,1148160,100.00,,
     0.151176947,964535,,instructions:u,1148320,100.00,,
     0.152325639,4,,branch-misses:u,1149536,100.00,,
     0.152325639,169468,,cache-misses:u,1149408,100.00,,
     0.152325639,1532436,,bus-cycles:u,1149408,100.00,,
     0.152325639,987472,,instructions:u,1149344,100.00,,
     0.153469569,3,,branch-misses:u,1145216,100.00,,
     0.153469569,167884,,cache-misses:u,1145248,100.00,,
     0.153469569,1526620,,bus-cycles:u,1145216,100.00,,
     0.153469569,974119,,instructions:u,1145088,100.00,,
     0.154613562,3,,branch-misses:u,1145152,100.00,,
     0.154613562,168739,,cache-misses:u,1145152,100.00,,
     0.154613562,1526675,,bus-cycles:u,1145216,100.00,,
     0.154613562,984762,,instructions:u,1145216,100.00,,
     0.155772387,4,,branch-misses:u,1161056,100.00,,
     0.155772387,169147,,cache-misses:u,1161376,100.00,,
     0.155772387,1542654,,bus-cycles:u,1161408,100.00,,
     0.155772387,993129,,instructions:u,1161536,100.00,,
     0.156923285,3,,branch-misses:u,1151456,100.00,,
     0.156923285,169843,,cache-misses:u,1151072,100.00,,
     0.156923285,1534748,,bus-cycles:u,1151008,100.00,,
     0.156923285,987300,,instructions:u,1150944,100.00,,
     0.158069932,3,,branch-misses:u,1147872,100.00,,
     0.158069932,170005,,cache-misses:u,1148000,100.00,,
     0.158069932,1531225,,bus-cycles:u,1148064,100.00,,
     0.158069932,991368,,instructions:u,1148000,100.00,,
     0.159214628,4,,branch-misses:u,1146464,100.00,,
     0.159214628,167865,,cache-misses:u,1146528,100.00,,
     0.159214628,1521160,,bus-cycles:u,1146464,100.00,,
     0.159214628,979508,,instructions:u,1146624,100.00,,
     0.160363257,3,,branch-misses:u,1149152,100.00,,
     0.160363257,168077,,cache-misses:u,1148992,100.00,,
     0.160363257,1532139,,bus-cycles:u,1148992,100.00,,
     0.160363257,977337,,instructions:u,1148832,100.00,,
     0.161508177,3,,branch-misses:u,1146432,100.00,,
     0.161508177,166379,,cache-misses:u,1146592,100.00,,
     0.161508177,1528945,,bus-cycles:u,1146528,100.00,,
     0.161508177,968940,,instructions:u,1146560,100.00,,
     0.162653577,4,,branch-misses:u,1146720,100.00,,
     0.162653577,166804,,cache-misses:u,1146592,100.00,,
     0.162653577,1529458,,bus-cycles:u,1146816,100.00,,
     0.162653577,969810,,instructions:u,1146848,100.00,,
     0.163798338,3,,branch-misses:u,1146496,100.00,,
     0.163798338,167408,,cache-misses:u,1146464,100.00,,
     0.163798338,1520888,,bus-cycles:u,1146336,100.00,,
     0.163798338,964116,,instructions:u,1146400,100.00,,
     0.164944250,3,,branch-misses:u,1146624,100.00,,
     0.164944250,168547,,cache-misses:u,1146624,100.00,,
     0.164944250,1529038,,bus-cycles:u,1146496,100.00,,
     0.164944250,983425,,instructions:u,1146464,100.00,,
     0.166088019,3,,branch-misses:u,1144704,100.00,,
     0.166088019,165982,,cache-misses:u,1144672,100.00,,
     0.166088019,1526603,,bus-cycles:u,1144800,100.00,,
     0.166088019,968783,,instructions:u,1144736,100.00,,
     0.167233004,4,,branch-misses:u,1148256,100.00,,
     0.167233004,166081,,cache-misses:u,1148928,100.00,,
     0.167233004,1525111,,bus-cycles:u,1149120,100.00,,
     0.167233004,962542,,instructions:u,1149152,100.00,,
     0.168389943,3,,branch-misses:u,1156800,100.00,,
     0.168389943,169413,,cache-misses:u,1156192,100.00,,
     0.168389943,1541744,,bus-cycles:u,1155968,100.00,,
     0.168389943,988169,,instructions:u,1155968,100.00,,
     0.169535758,3,,branch-misses:u,1146944,100.00,,
     0.169535758,167565,,cache-misses:u,1146912,100.00,,
     0.169535758,1529479,,bus-cycles:u,1146944,100.00,,
     0.169535758,973728,,instructions:u,1146784,100.00,,
     0.170680136,4,,branch-misses:u,1145696,100.00,,
     0.170680136,166233,,cache-misses:u,1145696,100.00,,
     0.170680136,1527765,,bus-cycles:u,1145664,100.00,,
     0.170680136,965817,,instructions:u,1145728,100.00,,
     0.171826590,3,,branch-misses:u,1148608,100.00,,
     0.171826590,166600,,cache-misses:u,1149024,100.00,,
     0.171826590,1525934,,bus-cycles:u,1149184,100.00,,
     0.171826590,973495,,instructions:u,1149376,100.00,,
     0.172980301,3,,branch-misses:u,1154208,100.00,,
     0.172980301,169429,,cache-misses:u,1153952,100.00,,
     0.172980301,1539078,,bus-cycles:u,1153856,100.00,,
     0.172980301,996539,,instructions:u,1153888,100.00,,
     0.174128034,4,,branch-misses:u,1149152,100.00,,
     0.174128034,166835,,cache-misses:u,1148928,100.00,,
     0.174128034,1532848,,bus-cycles:u,1148960,100.00,,
     0.174128034,970179,,instructions:u,1148896,100.00,,
     0.175274361,3,,branch-misses:u,1147968,100.00,,
     0.175274361,166310,,cache-misses:u,1148064,100.00,,
     0.175274361,1523591,,bus-cycles:u,1148160,100.00,,
     0.175274361,968364,,instructions:u,1148128,100.00,,
     0.176449616,3,,branch-misses:u,1176352,100.00,,
     0.176449616,172413,,cache-misses:u,1176544,100.00,,
     0.176449616,1568763,,bus-cycles:u,1176480,100.00,,
     0.176449616,1000588,,instructions:u,1176448,100.00,,
     0.177597605,5,,branch-misses:u,1149056,100.00,,
     0.177597605,168279,,cache-misses:u,1148896,100.00,,
     0.177597605,1531104,,bus-cycles:u,1148896,100.00,,
     0.177597605,983144,,instructions:u,1148864,100.00,,
     0.178743900,3,,branch-misses:u,1147648,100.00,,
     0.178743900,165870,,cache-misses:u,1147520,100.00,,
     0.178743900,1529533,,bus-cycles:u,1147456,100.00,,
     0.178743900,967666,,instructions:u,1147520,100.00,,
     0.179889556,3,,branch-misses:u,1147360,100.00,,
     0.179889556,167816,,cache-misses:u,1147456,100.00,,
     0.179889556,1522622,,bus-cycles:u,1147392,100.00,,
     0.179889556,973958,,instructions:u,1147360,100.00,,
     0.181037960,3,,branch-misses:u,1149248,100.00,,
     0.181037960,167328,,cache-misses:u,1149280,100.00,,
     0.181037960,1532286,,bus-cycles:u,1149312,100.00,,
     0.181037960,971580,,instructions:u,1149312,100.00,,
     0.182186461,4,,branch-misses:u,1149984,100.00,,
     0.182186461,167937,,cache-misses:u,1150272,100.00,,
     0.182186461,1533737,,bus-cycles:u,1150400,100.00,,
     0.182186461,976606,,instructions:u,1150496,100.00,,
     0.183338350,3,,branch-misses:u,1153632,100.00,,
     0.183338350,169205,,cache-misses:u,1153504,100.00,,
     0.183338350,1531044,,bus-cycles:u,1153440,100.00,,
     0.183338350,986648,,instructions:u,1153408,100.00,,
     0.184487937,3,,branch-misses:u,1150208,100.00,,
     0.184487937,166253,,cache-misses:u,1150176,100.00,,
     0.184487937,1534868,,bus-cycles:u,1150208,100.00,,
     0.184487937,972405,,instructions:u,1150208,100.00,,
     0.185634456,4,,branch-misses:u,1147808,100.00,,
     0.185634456,167826,,cache-misses:u,1147584,100.00,,
     0.185634456,1531104,,bus-cycles:u,1147456,100.00,,
     0.185634456,976528,,instructions:u,1147424,100.00,,
     0.186779344,3,,branch-misses:u,1145920,100.00,,
     0.186779344,168209,,cache-misses:u,1145888,100.00,,
     0.186779344,1528622,,bus-cycles:u,1145952,100.00,,
     0.186779344,985469,,instructions:u,1145888,100.00,,
     0.187924904,3,,branch-misses:u,1147680,100.00,,
     0.187924904,165474,,cache-misses:u,1148224,100.00,,
     0.187924904,1518449,,bus-cycles:u,1148192,100.00,,
     0.187924904,963121,,instructions:u,1148256,100.00,,
     0.189074172,4,,branch-misses:u,1150080,100.00,,
     0.189074172,168523,,cache-misses:u,1149600,100.00,,
     0.189074172,1533043,,bus-cycles:u,1149600,100.00,,
     0.189074172,984577,,instructions:u,1149504,100.00,,
     0.190219731,3,,branch-misses:u,1146720,100.00,,
     0.190219731,165482,,cache-misses:u,1146720,100.00,,
     0.190219731,1528886,,bus-cycles:u,1146688,100.00,,
     0.190219731,967489,,instructions:u,1146752,100.00,,
     0.191364748,3,,branch-misses:u,1146944,100.00,,
     0.191364748,166867,,cache-misses:u,1147008,100.00,,
     0.191364748,1521230,,bus-cycles:u,1147008,100.00,,
     0.191364748,970906,,instructions:u,1146944,100.00,,
     0.192514271,4,,branch-misses:u,1150272,100.00,,
     0.192514271,170331,,cache-misses:u,1150240,100.00,,
     0.192514271,1533614,,bus-cycles:u,1150336,100.00,,
     0.192514271,996230,,instructions:u,1150368,100.00,,
     0.193660502,3,,branch-misses:u,1147392,100.00,,
     0.193660502,166783,,cache-misses:u,1147296,100.00,,
     0.193660502,1529480,,bus-cycles:u,1147296,100.00,,
     0.193660502,965715,,instructions:u,1147392,100.00,,
     0.194805199,3,,branch-misses:u,1145728,100.00,,
     0.194805199,168384,,cache-misses:u,1145824,100.00,,
     0.194805199,1527798,,bus-cycles:u,1145696,100.00,,
     0.194805199,981916,,instructions:u,1145600,100.00,,
     0.195950024,4,,branch-misses:u,1147072,100.00,,
     0.195950024,167117,,cache-misses:u,1147136,100.00,,
     0.195950024,1521800,,bus-cycles:u,1147296,100.00,,
     0.195950024,969846,,instructions:u,1147232,100.00,,
     0.197114027,3,,branch-misses:u,1165024,100.00,,
     0.197114027,171941,,cache-misses:u,1165184,100.00,,
     0.197114027,1554002,,bus-cycles:u,1165152,100.00,,
     0.197114027,1005836,,instructions:u,1165216,100.00,,
     0.198261568,3,,branch-misses:u,1148608,100.00,,
     0.198261568,166288,,cache-misses:u,1148384,100.00,,
     0.198261568,1531437,,bus-cycles:u,1148384,100.00,,
     0.198261568,964755,,instructions:u,1148288,100.00,,
     0.199406425,3,,branch-misses:u,1146560,100.00,,
     0.199406425,166822,,cache-misses:u,1146560,100.00,,
     0.199406425,1521270,,bus-cycles:u,1146496,100.00,,
     0.199406425,964539,,instructions:u,1146592,100.00,,
     0.200553264,4,,branch-misses:u,1147680,100.00,,
     0.200553264,167895,,cache-misses:u,1147616,100.00,,
     0.200553264,1530626,,bus-cycles:u,1147616,100.00,,
     0.200553264,969972,,instructions:u,1147616,100.00,,
     0.201696746,3,,branch-misses:u,1144672,100.00,,
     0.201696746,166747,,cache-misses:u,1144800,100.00,,
     0.201696746,1526296,,bus-cycles:u,1144832,100.00,,
     0.201696746,969525,,instructions:u,1145024,100.00,,
     0.202840388,3,,branch-misses:u,1144960,100.00,,
     0.202840388,167233,,cache-misses:u,1144928,100.00,,
     0.202840388,1526413,,bus-cycles:u,1144864,100.00,,
     0.202840388,968323,,instructions:u,1144704,100.00,,
     0.203984797,4,,branch-misses:u,1146624,100.00,,
     0.203984797,167440,,cache-misses:u,1147008,100.00,,
     0.203984797,1522380,,bus-cycles:u,1147072,100.00,,
     0.203984797,974324,,instructions:u,1147072,100.00,,
     0.205137644,3,,branch-misses:u,1153216,100.00,,
     0.205137644,166813,,cache-misses:u,1152768,100.00,,
     0.205137644,1537530,,bus-cycles:u,1152736,100.00,,
     0.205137644,970641,,instructions:u,1152704,100.00,,
     0.206283492,3,,branch-misses:u,1147136,100.00,,
     0.206283492,165512,,cache-misses:u,1147136,100.00,,
     0.206283492,1529531,,bus-cycles:u,1147200,100.00,,
     0.206283492,968089,,instructions:u,1147296,100.00,,
     0.207428189,4,,branch-misses:u,1146400,100.00,,
     0.207428189,169149,,cache-misses:u,1146464,100.00,,
     0.207428189,1520524,,bus-cycles:u,1146304,100.00,,
     0.207428189,982671,,instructions:u,1146240,100.00,,
     0.208575475,3,,branch-misses:u,1148096,100.00,,
     0.208575475,168640,,cache-misses:u,1148096,100.00,,
     0.208575475,1531146,,bus-cycles:u,1148160,100.00,,
     0.208575475,988317,,instructions:u,1148160,100.00,,
     0.209719308,3,,branch-misses:u,1145088,100.00,,
     0.209719308,167390,,cache-misses:u,1145056,100.00,,
     0.209719308,1527321,,bus-cycles:u,1145152,100.00,,
     0.209719308,974642,,instructions:u,1145216,100.00,,
     0.210863717,3,,branch-misses:u,1145696,100.00,,
     0.210863717,167273,,cache-misses:u,1145760,100.00,,
     0.210863717,1528272,,bus-cycles:u,1145760,100.00,,
     0.210863717,970557,,instructions:u,1145856,100.00,,
     0.212008830,4,,branch-misses:u,1147136,100.00,,
     0.212008830,166650,,cache-misses:u,1147104,100.00,,
     0.212008830,1521843,,bus-cycles:u,1147168,100.00,,
     0.212008830,965421,,instructions:u,1146944,100.00,,
     0.213160942,3,,branch-misses:u,1152960,100.00,,
     0.213160942,167846,,cache-misses:u,1152992,100.00,,
     0.213160942,1537181,,bus-cycles:u,1152896,100.00,,
     0.213160942,973962,,instructions:u,1152896,100.00,,
     0.214307109,3,,branch-misses:u,1147104,100.00,,
     0.214307109,167537,,cache-misses:u,1147040,100.00,,
     0.214307109,1529469,,bus-cycles:u,1146976,100.00,,
     0.214307109,970776,,instructions:u,1147008,100.00,,
     0.215451710,4,,branch-misses:u,1146432,100.00,,
     0.215451710,166984,,cache-misses:u,1146496,100.00,,
     0.215451710,1519406,,bus-cycles:u,1146464,100.00,,
     0.215451710,965665,,instructions:u,1146528,100.00,,
     0.216600594,3,,branch-misses:u,1149792,100.00,,
     0.216600594,169628,,cache-misses:u,1149728,100.00,,
     0.216600594,1533536,,bus-cycles:u,1149856,100.00,,
     0.216600594,991130,,instructions:u,1149824,100.00,,
     0.217746442,3,,branch-misses:u,1147136,100.00,,
     0.217746442,168859,,cache-misses:u,1147104,100.00,,
     0.217746442,1529634,,bus-cycles:u,1146976,100.00,,
     0.217746442,985131,,instructions:u,1147008,100.00,,
     0.218907952,4,,branch-misses:u,1163136,100.00,,
     0.218907952,167810,,cache-misses:u,1163392,100.00,,
     0.218907952,1551779,,bus-cycles:u,1163360,100.00,,
     0.218907952,978040,,instructions:u,1163328,100.00,,
     0.220054886,3,,branch-misses:u,1148224,100.00,,
     0.220054886,166293,,cache-misses:u,1148128,100.00,,
     0.220054886,1523275,,bus-cycles:u,1148192,100.00,,
     0.220054886,968432,,instructions:u,1148288,100.00,,
     0.221202939,3,,branch-misses:u,1148992,100.00,,
     0.221202939,167319,,cache-misses:u,1148960,100.00,,
     0.221202939,1532468,,bus-cycles:u,1148992,100.00,,
     0.221202939,972873,,instructions:u,1148928,100.00,,
     0.222348883,4,,branch-misses:u,1147328,100.00,,
     0.222348883,166797,,cache-misses:u,1147264,100.00,,
     0.222348883,1530417,,bus-cycles:u,1147296,100.00,,
     0.222348883,967267,,instructions:u,1147296,100.00,,
     0.223495114,3,,branch-misses:u,1147904,100.00,,
     0.223495114,168801,,cache-misses:u,1147840,100.00,,
     0.223495114,1523258,,bus-cycles:u,1147776,100.00,,
     0.223495114,984416,,instructions:u,1147680,100.00,,
     0.224643454,3,,branch-misses:u,1149056,100.00,,
     0.224643454,167941,,cache-misses:u,1149184,100.00,,
     0.224643454,1532854,,bus-cycles:u,1149248,100.00,,
     0.224643454,973584,,instructions:u,1149376,100.00,,
     0.225789685,3,,branch-misses:u,1147584,100.00,,
     0.225789685,167133,,cache-misses:u,1147648,100.00,,
     0.225789685,1530685,,bus-cycles:u,1147648,100.00,,
     0.225789685,969156,,instructions:u,1147552,100.00,,
     0.226936140,4,,branch-misses:u,1147744,100.00,,
     0.226936140,168575,,cache-misses:u,1147488,100.00,,
     0.226936140,1531151,,bus-cycles:u,1147488,100.00,,
     0.226936140,976983,,instructions:u,1147616,100.00,,
     0.228082371,3,,branch-misses:u,1147840,100.00,,
     0.228082371,166433,,cache-misses:u,1147872,100.00,,
     0.228082371,1524055,,bus-cycles:u,1147904,100.00,,
     0.228082371,965944,,instructions:u,1147808,100.00,,
     0.229230616,3,,branch-misses:u,1149152,100.00,,
     0.229230616,167849,,cache-misses:u,1149472,100.00,,
     0.229230616,1532366,,bus-cycles:u,1149376,100.00,,
     0.229230616,971783,,instructions:u,1149408,100.00,,
     0.230376432,4,,branch-misses:u,1147104,100.00,,
     0.230376432,166540,,cache-misses:u,1146688,100.00,,
     0.230376432,1529123,,bus-cycles:u,1146720,100.00,,
     0.230376432,967231,,instructions:u,1146720,100.00,,
     0.231521448,4,,branch-misses:u,1146816,100.00,,
     0.231521448,165383,,cache-misses:u,1146976,100.00,,
     0.231521448,1522030,,bus-cycles:u,1146976,100.00,,
     0.231521448,973116,,instructions:u,1147040,100.00,,
     0.232668031,3,,branch-misses:u,1147232,100.00,,
     0.232668031,168025,,cache-misses:u,1147328,100.00,,
     0.232668031,1530590,,bus-cycles:u,1147392,100.00,,
     0.232668031,974097,,instructions:u,1147200,100.00,,
     0.233811769,4,,branch-misses:u,1144832,100.00,,
     0.233811769,167704,,cache-misses:u,1144768,100.00,,
     0.233811769,1526658,,bus-cycles:u,1145088,100.00,,
     0.233811769,986946,,instructions:u,1145216,100.00,,
     0.234955602,3,,branch-misses:u,1145472,100.00,,
     0.234955602,167705,,cache-misses:u,1145408,100.00,,
     0.234955602,1527219,,bus-cycles:u,1145024,100.00,,
     0.234955602,971321,,instructions:u,1145056,100.00,,
     0.236117400,3,,branch-misses:u,1163392,100.00,,
     0.236117400,168213,,cache-misses:u,1163552,100.00,,
     0.236117400,1544583,,bus-cycles:u,1163680,100.00,,
     0.236117400,983502,,instructions:u,1163648,100.00,,
     0.237262832,3,,branch-misses:u,1146432,100.00,,
     0.237262832,168034,,cache-misses:u,1146336,100.00,,
     0.237262832,1528926,,bus-cycles:u,1146208,100.00,,
     0.237262832,972670,,instructions:u,1146176,100.00,,
     0.238408456,4,,branch-misses:u,1146432,100.00,,
     0.238408456,169447,,cache-misses:u,1146464,100.00,,
     0.238408456,1529976,,bus-cycles:u,1146464,100.00,,
     0.238408456,989853,,instructions:u,1146432,100.00,,
     0.239566162,4,,branch-misses:u,1160480,100.00,,
     0.239566162,169044,,cache-misses:u,1160608,100.00,,
     0.239566162,1541554,,bus-cycles:u,1160672,100.00,,
     0.239566162,990738,,instructions:u,1160704,100.00,,
     0.240716516,4,,branch-misses:u,1150656,100.00,,
     0.240716516,169361,,cache-misses:u,1150464,100.00,,
     0.240716516,1534934,,bus-cycles:u,1150336,100.00,,
     0.240716516,992130,,instructions:u,1150304,100.00,,
     0.241862108,3,,branch-misses:u,1146848,100.00,,
     0.241862108,169357,,cache-misses:u,1146912,100.00,,
     0.241862108,1529783,,bus-cycles:u,1147008,100.00,,
     0.241862108,991931,,instructions:u,1147008,100.00,,
     0.243007188,3,,branch-misses:u,1146400,100.00,,
     0.243007188,168126,,cache-misses:u,1146304,100.00,,
     0.243007188,1528710,,bus-cycles:u,1146272,100.00,,
     0.243007188,973494,,instructions:u,1146272,100.00,,
     0.244163904,4,,branch-misses:u,1158528,100.00,,
     0.244163904,168969,,cache-misses:u,1158624,100.00,,
     0.244163904,1537418,,bus-cycles:u,1158624,100.00,,
     0.244163904,974548,,instructions:u,1158688,100.00,,
     0.245309783,3,,branch-misses:u,1146720,100.00,,
     0.245309783,168089,,cache-misses:u,1146592,100.00,,
     0.245309783,1530085,,bus-cycles:u,1146528,100.00,,
     0.245309783,976703,,instructions:u,1146496,100.00,,
     0.246454704,3,,branch-misses:u,1146048,100.00,,
     0.246454704,168286,,cache-misses:u,1146144,100.00,,
     0.246454704,1529225,,bus-cycles:u,1146080,100.00,,
     0.246454704,973714,,instructions:u,1146048,100.00,,
     0.247600136,4,,branch-misses:u,1147264,100.00,,
     0.247600136,167934,,cache-misses:u,1147296,100.00,,
     0.247600136,1519669,,bus-cycles:u,1147328,100.00,,
     0.247600136,983133,,instructions:u,1147328,100.00,,
     0.248748380,4,,branch-misses:u,1149152,100.00,,
     0.248748380,168670,,cache-misses:u,1149152,100.00,,
     0.248748380,1532737,,bus-cycles:u,1149248,100.00,,
     0.248748380,992162,,instructions:u,1149184,100.00,,
     0.249893525,3,,branch-misses:u,1146016,100.00,,
     0.249893525,166588,,cache-misses:u,1145984,100.00,,
     0.249893525,1528029,,bus-cycles:u,1146016,100.00,,
     0.249893525,967153,,instructions:u,1146144,100.00,,
     0.251039053,3,,branch-misses:u,1147520,100.00,,
     0.251039053,169850,,cache-misses:u,1147488,100.00,,
     0.251039053,1522035,,bus-cycles:u,1147552,100.00,,
     0.251039053,985950,,instructions:u,1147488,100.00,,
     0.252186466,4,,branch-misses:u,1148288,100.00,,
     0.252186466,168275,,cache-misses:u,1148256,100.00,,
     0.252186466,1530805,,bus-cycles:u,1148256,100.00,,
     0.252186466,986669,,instructions:u,1148320,100.00,,
     0.253330939,3,,branch-misses:u,1145472,100.00,,
     0.253330939,167444,,cache-misses:u,1145504,100.00,,
     0.253330939,1527298,,bus-cycles:u,1145440,100.00,,
     0.253330939,970959,,instructions:u,1145440,100.00,,
     0.254475317,3,,branch-misses:u,1145632,100.00,,
     0.254475317,167083,,cache-misses:u,1145728,100.00,,
     0.254475317,1528298,,bus-cycles:u,1145792,100.00,,
     0.254475317,968136,,instructions:u,1145664,100.00,,
     0.255620397,4,,branch-misses:u,1147232,100.00,,
     0.255620397,167610,,cache-misses:u,1147168,100.00,,
     0.255620397,1521989,,bus-cycles:u,1147136,100.00,,
     0.255620397,983208,,instructions:u,1147296,100.00,,
     0.256769313,6,,branch-misses:u,1350112,100.00,,
     0.256769313,39700,,cache-misses:u,1351904,100.00,,
     0.256769313,366110,,bus-cycles:u,1351808,100.00,,
     0.256769313,229417,,instructions:u,1351648,100.00,,
     0.258118612,84,,branch-misses:u,1151744,100.00,,
     0.258118612,59,,cache-misses:u,1151424,100.00,,
     0.258118612,32106,,bus-cycles:u,1151936,100.00,,
     0.258118612,708,,instructions:u,1151936,100.00,,
     0.258491409,37,,branch-misses:u,281408,100.00,,
     0.258491409,21,,cache-misses:u,277248,100.00,,
     0.258491409,8672,,bus-cycles:u,274208,100.00,,
     0.258491409,545,,instructions:u,271744,100.00,,
