     0.001074547,1120,,branch-misses:u,538368,100.00,,
     0.001074547,381,,cache-misses:u,543648,100.00,,
     0.001074547,64145,,bus-cycles:u,547264,100.00,,
     0.001074547,36382,,instructions:u,549792,100.00,,
     0.002391936,1467,,branch-misses:u,1331840,100.00,,
     0.002391936,1536,,cache-misses:u,1335040,100.00,,
     0.002391936,309517,,bus-cycles:u,1335008,100.00,,
     0.002391936,270292,,instructions:u,1336000,100.00,,
     0.003616099,0,,branch-misses:u,1202144,100.00,,
     0.003616099,51,,cache-misses:u,1193664,100.00,,
     0.003616099,328717,,bus-cycles:u,1190080,100.00,,
     0.003616099,329695,,instructions:u,1186560,100.00,,
     0.004800130,0,,branch-misses:u,721248,100.00,,
     0.004800130,5,,cache-misses:u,726816,100.00,,
     0.004800130,128955,,bus-cycles:u,730016,100.00,,
     0.004800130,131072,,instructions:u,732992,100.00,,
     0.005985697,0,,branch-misses:u,1180800,100.00,,
     0.005985697,16,,cache-misses:u,1175232,100.00,,
     0.005985697,248632,,bus-cycles:u,1172032,100.00,,
     0.005985697,262144,,instructions:u,1169056,100.00,,
     0.007167744,0,,branch-misses:u,700512,100.00,,
     0.007167744,27,,cache-misses:u,707040,100.00,,
     0.007167744,134609,,bus-cycles:u,710304,100.00,,
     0.007167744,131072,,instructions:u,714272,100.00,,
     0.008376449,0,,branch-misses:u,1205888,100.00,,
     0.008376449,30,,cache-misses:u,1205312,100.00,,
     0.008376449,265627,,bus-cycles:u,1205344,100.00,,
     0.008376449,283469,,instructions:u,1205472,100.00,,
     0.009567361,0,,branch-misses:u,1188480,100.00,,
     0.009567361,70,,cache-misses:u,1186752,100.00,,
     0.009567361,348592,,bus-cycles:u,1187200,100.00,,
     0.009567361,346300,,instructions:u,1186688,100.00,,
     0.010744703,0,,branch-misses:u,863424,100.00,,
     0.010744703,55,,cache-misses:u,859200,100.00,,
     0.010744703,161272,,bus-cycles:u,855456,100.00,,
     0.010744703,156663,,instructions:u,851872,100.00,,
     0.011909788,0,,branch-misses:u,988704,100.00,,
     0.011909788,19,,cache-misses:u,994976,100.00,,
     0.011909788,262386,,bus-cycles:u,998176,100.00,,
     0.011909788,262144,,instructions:u,1001344,100.00,,
     0.013085242,0,,branch-misses:u,1173888,100.00,,
     0.013085242,9,,cache-misses:u,1171040,100.00,,
     0.013085242,248444,,bus-cycles:u,1170784,100.00,,
     0.013085242,262144,,instructions:u,1171328,100.00,,
     0.014257016,0,,branch-misses:u,1173312,100.00,,
     0.014257016,14,,cache-misses:u,1173696,100.00,,
     0.014257016,256895,,bus-cycles:u,1173888,100.00,,
     0.014257016,262144,,instructions:u,1173696,100.00,,
     0.015439702,0,,branch-misses:u,1188192,100.00,,
     0.015439702,12,,cache-misses:u,1195296,100.00,,
     0.015439702,263781,,bus-cycles:u,1197504,100.00,,
     0.015439702,262144,,instructions:u,1198752,100.00,,
     0.016678363,0,,branch-misses:u,1234304,100.00,,
     0.016678363,12,,cache-misses:u,1227072,100.00,,
     0.016678363,248848,,bus-cycles:u,1226080,100.00,,
     0.016678363,271049,,instructions:u,1224992,100.00,,
     0.017858746,0,,branch-misses:u,1177696,100.00,,
     0.017858746,68,,cache-misses:u,1178080,100.00,,
     0.017858746,370551,,bus-cycles:u,1176992,100.00,,
     0.017858746,377180,,instructions:u,1176960,100.00,,
     0.019028951,0,,branch-misses:u,705344,100.00,,
     0.019028951,53,,cache-misses:u,707104,100.00,,
     0.019028951,143331,,bus-cycles:u,707424,100.00,,
     0.019028951,138203,,instructions:u,706272,100.00,,
     0.020202645,0,,branch-misses:u,1151744,100.00,,
     0.020202645,11,,cache-misses:u,1151744,100.00,,
     0.020202645,255494,,bus-cycles:u,1151424,100.00,,
     0.020202645,262144,,instructions:u,1152416,100.00,,
     0.021378867,0,,branch-misses:u,1175840,100.00,,
     0.021378867,9,,cache-misses:u,1174016,100.00,,
     0.021378867,248303,,bus-cycles:u,1173792,100.00,,
     0.021378867,262144,,instructions:u,1172960,100.00,,
     0.022552817,0,,branch-misses:u,1175904,100.00,,
     0.022552817,11,,cache-misses:u,1178176,100.00,,
     0.022552817,247846,,bus-cycles:u,1177984,100.00,,
     0.022552817,262144,,instructions:u,1179776,100.00,,
     0.023823033,0,,branch-misses:u,1269120,100.00,,
     0.023823033,32,,cache-misses:u,1267776,100.00,,
     0.023823033,306315,,bus-cycles:u,1269568,100.00,,
     0.023823033,323421,,instructions:u,1269088,100.00,,
     0.025005303,0,,branch-misses:u,1182368,100.00,,
     0.025005303,50,,cache-misses:u,1182016,100.00,,
     0.025005303,330942,,bus-cycles:u,1180384,100.00,,
     0.025005303,331939,,instructions:u,1179936,100.00,,
     0.026178133,0,,branch-misses:u,1171328,100.00,,
     0.026178133,8,,cache-misses:u,1171072,100.00,,
     0.026178133,263026,,bus-cycles:u,1171040,100.00,,
     0.026178133,262144,,instructions:u,1170592,100.00,,
     0.027350131,0,,branch-misses:u,1172448,100.00,,
     0.027350131,12,,cache-misses:u,1173664,100.00,,
     0.027350131,249434,,bus-cycles:u,1174144,100.00,,
     0.027350131,262144,,instructions:u,1175584,100.00,,
     0.028525777,0,,branch-misses:u,1174368,100.00,,
     0.028525777,11,,cache-misses:u,1172512,100.00,,
     0.028525777,247798,,bus-cycles:u,1172128,100.00,,
     0.028525777,262144,,instructions:u,1170656,100.00,,
     0.029693166,0,,branch-misses:u,1169184,100.00,,
     0.029693166,32,,cache-misses:u,1169408,100.00,,
     0.029693166,299402,,bus-cycles:u,1169440,100.00,,
     0.029693166,321173,,instructions:u,1170240,100.00,,
     0.030864267,0,,branch-misses:u,1168384,100.00,,
     0.030864267,51,,cache-misses:u,1169472,100.00,,
     0.030864267,332431,,bus-cycles:u,1169152,100.00,,
     0.030864267,334187,,instructions:u,1168960,100.00,,
     0.032039753,0,,branch-misses:u,1176224,100.00,,
     0.032039753,10,,cache-misses:u,1175008,100.00,,
     0.032039753,248909,,bus-cycles:u,1176192,100.00,,
     0.032039753,262144,,instructions:u,1176608,100.00,,
     0.033212199,0,,branch-misses:u,1171712,100.00,,
     0.033212199,14,,cache-misses:u,1171840,100.00,,
     0.033212199,248283,,bus-cycles:u,1171776,100.00,,
     0.033212199,262144,,instructions:u,1171488,100.00,,
     0.034385349,0,,branch-misses:u,1174272,100.00,,
     0.034385349,7,,cache-misses:u,1191520,100.00,,
     0.034385349,247574,,bus-cycles:u,1194624,100.00,,
     0.034385349,262144,,instructions:u,1195040,100.00,,
     0.035589350,0,,branch-misses:u,1204544,100.00,,
     0.035589350,26,,cache-misses:u,1187968,100.00,,
     0.035589350,282924,,bus-cycles:u,1184544,100.00,,
     0.035589350,304629,,instructions:u,1184192,100.00,,
     0.036764644,0,,branch-misses:u,1173152,100.00,,
     0.036764644,58,,cache-misses:u,1173344,100.00,,
     0.036764644,350920,,bus-cycles:u,1173440,100.00,,
     0.036764644,350731,,instructions:u,1172672,100.00,,
     0.037938113,0,,branch-misses:u,1174144,100.00,,
     0.037938113,6,,cache-misses:u,1172768,100.00,,
     0.037938113,247104,,bus-cycles:u,1172256,100.00,,
     0.037938113,262144,,instructions:u,1173024,100.00,,
     0.039109567,0,,branch-misses:u,1171136,100.00,,
     0.039109567,9,,cache-misses:u,1173408,100.00,,
     0.039109567,247814,,bus-cycles:u,1173632,100.00,,
     0.039109567,262144,,instructions:u,1173792,100.00,,
     0.040285309,0,,branch-misses:u,1175488,100.00,,
     0.040285309,8,,cache-misses:u,1173280,100.00,,
     0.040285309,247770,,bus-cycles:u,1172928,100.00,,
     0.040285309,262144,,instructions:u,1172352,100.00,,
     0.041453850,0,,branch-misses:u,1170464,100.00,,
     0.041453850,40,,cache-misses:u,1171712,100.00,,
     0.041453850,305575,,bus-cycles:u,1171680,100.00,,
     0.041453850,326473,,instructions:u,1172000,100.00,,
     0.042626904,0,,branch-misses:u,1170304,100.00,,
     0.042626904,56,,cache-misses:u,1171104,100.00,,
     0.042626904,327541,,bus-cycles:u,1171008,100.00,,
     0.042626904,328887,,instructions:u,1170944,100.00,,
     0.043802038,0,,branch-misses:u,1177248,100.00,,
     0.043802038,11,,cache-misses:u,1175872,100.00,,
     0.043802038,247997,,bus-cycles:u,1176384,100.00,,
     0.043802038,262144,,instructions:u,1175936,100.00,,
     0.044974067,0,,branch-misses:u,1170656,100.00,,
     0.044974067,12,,cache-misses:u,1171136,100.00,,
     0.044974067,248285,,bus-cycles:u,1171616,100.00,,
     0.044974067,262144,,instructions:u,1171840,100.00,,
     0.046520857,0,,branch-misses:u,1550336,100.00,,
     0.046520857,17,,cache-misses:u,1553536,100.00,,
     0.046520857,372301,,bus-cycles:u,1554720,100.00,,
     0.046520857,393216,,instructions:u,1556512,100.00,,
     0.047717337,0,,branch-misses:u,1194208,100.00,,
     0.047717337,11,,cache-misses:u,1190368,100.00,,
     0.047717337,247999,,bus-cycles:u,1188224,100.00,,
     0.047717337,262144,,instructions:u,1187296,100.00,,
     0.048893879,0,,branch-misses:u,1175392,100.00,,
     0.048893879,10,,cache-misses:u,1175776,100.00,,
     0.048893879,248592,,bus-cycles:u,1176128,100.00,,
     0.048893879,262144,,instructions:u,1175392,100.00,,
     0.050067253,0,,branch-misses:u,1172704,100.00,,
     0.050067253,29,,cache-misses:u,1172480,100.00,,
     0.050067253,363358,,bus-cycles:u,1172224,100.00,,
     0.050067253,384729,,instructions:u,1172256,100.00,,
     0.051241203,0,,branch-misses:u,1174304,100.00,,
     0.051241203,55,,cache-misses:u,1174496,100.00,,
     0.051241203,263946,,bus-cycles:u,1174336,100.00,,
     0.051241203,270631,,instructions:u,1174336,100.00,,
     0.052413585,0,,branch-misses:u,1173184,100.00,,
     0.052413585,9,,cache-misses:u,1172608,100.00,,
     0.052413585,247189,,bus-cycles:u,1173280,100.00,,
     0.052413585,262144,,instructions:u,1173248,100.00,,
     0.053583406,0,,branch-misses:u,1166976,100.00,,
     0.053583406,7,,cache-misses:u,1166912,100.00,,
     0.053583406,248140,,bus-cycles:u,1166528,100.00,,
     0.053583406,262144,,instructions:u,1167936,100.00,,
     0.054751563,0,,branch-misses:u,1171616,100.00,,
     0.054751563,10,,cache-misses:u,1172896,100.00,,
     0.054751563,248875,,bus-cycles:u,1173248,100.00,,
     0.054751563,262144,,instructions:u,1172384,100.00,,
     0.055943627,0,,branch-misses:u,1191392,100.00,,
     0.055943627,31,,cache-misses:u,1191520,100.00,,
     0.055943627,372271,,bus-cycles:u,1191168,100.00,,
     0.055943627,393216,,instructions:u,1191552,100.00,,
     0.057117353,0,,branch-misses:u,1173248,100.00,,
     0.057117353,47,,cache-misses:u,1172192,100.00,,
     0.057117353,250163,,bus-cycles:u,1172672,100.00,,
     0.057117353,262144,,instructions:u,1171488,100.00,,
     0.058292423,0,,branch-misses:u,1174560,100.00,,
     0.058292423,11,,cache-misses:u,1174304,100.00,,
     0.058292423,247665,,bus-cycles:u,1173536,100.00,,
     0.058292423,262144,,instructions:u,1174016,100.00,,
     0.059484486,0,,branch-misses:u,1191776,100.00,,
     0.059484486,8,,cache-misses:u,1194368,100.00,,
     0.059484486,247801,,bus-cycles:u,1194496,100.00,,
     0.059484486,262144,,instructions:u,1195392,100.00,,
     0.060662373,0,,branch-misses:u,1177120,100.00,,
     0.060662373,17,,cache-misses:u,1174528,100.00,,
     0.060662373,258172,,bus-cycles:u,1174336,100.00,,
     0.060662373,275429,,instructions:u,1173216,100.00,,
     0.061832802,0,,branch-misses:u,1170656,100.00,,
     0.061832802,48,,cache-misses:u,1171040,100.00,,
     0.061832802,378960,,bus-cycles:u,1171520,100.00,,
     0.061832802,379931,,instructions:u,1171776,100.00,,
     0.063006048,0,,branch-misses:u,1171936,100.00,,
     0.063006048,13,,cache-misses:u,1172480,100.00,,
     0.063006048,248262,,bus-cycles:u,1172128,100.00,,
     0.063006048,262144,,instructions:u,1172160,100.00,,
     0.064184094,0,,branch-misses:u,1179936,100.00,,
     0.064184094,12,,cache-misses:u,1179136,100.00,,
     0.064184094,247608,,bus-cycles:u,1179616,100.00,,
     0.064184094,262144,,instructions:u,1180320,100.00,,
     0.065360348,0,,branch-misses:u,1174144,100.00,,
     0.065360348,12,,cache-misses:u,1174656,100.00,,
     0.065360348,247162,,bus-cycles:u,1175200,100.00,,
     0.065360348,262144,,instructions:u,1174464,100.00,,
     0.066529977,0,,branch-misses:u,1170336,100.00,,
     0.066529977,7,,cache-misses:u,1170112,100.00,,
     0.066529977,248903,,bus-cycles:u,1169344,100.00,,
     0.066529977,262144,,instructions:u,1168832,100.00,,
     0.067705239,0,,branch-misses:u,1175584,100.00,,
     0.067705239,14,,cache-misses:u,1175232,100.00,,
     0.067705239,374485,,bus-cycles:u,1175168,100.00,,
     0.067705239,393216,,instructions:u,1175200,100.00,,
     0.068952349,0,,branch-misses:u,1248352,100.00,,
     0.068952349,11,,cache-misses:u,1249696,100.00,,
     0.068952349,248121,,bus-cycles:u,1249792,100.00,,
     0.068952349,262144,,instructions:u,1250304,100.00,,
     0.070129531,0,,branch-misses:u,1175008,100.00,,
     0.070129531,18,,cache-misses:u,1174144,100.00,,
     0.070129531,248708,,bus-cycles:u,1174496,100.00,,
     0.070129531,262144,,instructions:u,1174976,100.00,,
     0.071307353,0,,branch-misses:u,1179008,100.00,,
     0.071307353,12,,cache-misses:u,1179008,100.00,,
     0.071307353,247544,,bus-cycles:u,1178400,100.00,,
     0.071307353,262144,,instructions:u,1177536,100.00,,
     0.072484119,0,,branch-misses:u,1175872,100.00,,
     0.072484119,2027,,cache-misses:u,1175200,100.00,,
     0.072484119,318450,,bus-cycles:u,1175712,100.00,,
     0.072484119,311808,,instructions:u,1176704,100.00,,
     0.073654069,6,,branch-misses:u,1169152,100.00,,
     0.073654069,16904,,cache-misses:u,1169408,100.00,,
     0.073654069,622902,,bus-cycles:u,1168544,100.00,,
     0.073654069,176830,,instructions:u,1166976,100.00,,
     0.074816081,1,,branch-misses:u,1158944,100.00,,
     0.074816081,75738,,cache-misses:u,1158624,100.00,,
     0.074816081,1509526,,bus-cycles:u,1158688,100.00,,
     0.074816081,437613,,instructions:u,1158336,100.00,,
     0.075969677,3,,branch-misses:u,1152896,100.00,,
     0.075969677,153099,,cache-misses:u,1152160,100.00,,
     0.075969677,1534563,,bus-cycles:u,1152064,100.00,,
     0.075969677,901489,,instructions:u,1152032,100.00,,
     0.077118536,3,,branch-misses:u,1148544,100.00,,
     0.077118536,155552,,cache-misses:u,1148608,100.00,,
     0.077118536,1529628,,bus-cycles:u,1148608,100.00,,
     0.077118536,903218,,instructions:u,1148544,100.00,,
     0.078266947,3,,branch-misses:u,1148672,100.00,,
     0.078266947,152942,,cache-misses:u,1148704,100.00,,
     0.078266947,1531183,,bus-cycles:u,1148896,100.00,,
     0.078266947,889555,,instructions:u,1148960,100.00,,
     0.079417182,3,,branch-misses:u,1149632,100.00,,
     0.079417182,155624,,cache-misses:u,1149632,100.00,,
     0.079417182,1525339,,bus-cycles:u,1149536,100.00,,
     0.079417182,898026,,instructions:u,1149600,100.00,,
     0.080566169,4,,branch-misses:u,1148576,100.00,,
     0.080566169,157235,,cache-misses:u,1148736,100.00,,
     0.080566169,1531542,,bus-cycles:u,1148640,100.00,,
     0.080566169,907916,,instructions:u,1148640,100.00,,
     0.081714421,3,,branch-misses:u,1148064,100.00,,
     0.081714421,158411,,cache-misses:u,1147776,100.00,,
     0.081714421,1529625,,bus-cycles:u,1147744,100.00,,
     0.081714421,911466,,instructions:u,1147776,100.00,,
     0.082865712,3,,branch-misses:u,1151488,100.00,,
     0.082865712,157483,,cache-misses:u,1151392,100.00,,
     0.082865712,1528563,,bus-cycles:u,1151360,100.00,,
     0.082865712,916591,,instructions:u,1151328,100.00,,
     0.084015467,3,,branch-misses:u,1149248,100.00,,
     0.084015467,163667,,cache-misses:u,1149440,100.00,,
     0.084015467,1531354,,bus-cycles:u,1149440,100.00,,
     0.084015467,954806,,instructions:u,1149408,100.00,,
     0.085162182,3,,branch-misses:u,1146528,100.00,,
     0.085162182,165479,,cache-misses:u,1146400,100.00,,
     0.085162182,1528614,,bus-cycles:u,1146400,100.00,,
     0.085162182,956740,,instructions:u,1146368,100.00,,
     0.086310881,3,,branch-misses:u,1148672,100.00,,
     0.086310881,164889,,cache-misses:u,1148608,100.00,,
     0.086310881,1530353,,bus-cycles:u,1148704,100.00,,
     0.086310881,953699,,instructions:u,1148832,100.00,,
     0.087480350,4,,branch-misses:u,1170880,100.00,,
     0.087480350,167856,,cache-misses:u,1171072,100.00,,
     0.087480350,1554571,,bus-cycles:u,1171008,100.00,,
     0.087480350,971668,,instructions:u,1170944,100.00,,
     0.088635386,3,,branch-misses:u,1153344,100.00,,
     0.088635386,168824,,cache-misses:u,1153440,100.00,,
     0.088635386,1537372,,bus-cycles:u,1153408,100.00,,
     0.088635386,988655,,instructions:u,1153376,100.00,,
     0.089838747,4,,branch-misses:u,1204064,100.00,,
     0.089838747,174926,,cache-misses:u,1204864,100.00,,
     0.089838747,1606405,,bus-cycles:u,1204928,100.00,,
     0.089838747,1015143,,instructions:u,1204960,100.00,,
     0.090993367,3,,branch-misses:u,1154720,100.00,,
     0.090993367,166362,,cache-misses:u,1153664,100.00,,
     0.090993367,1530231,,bus-cycles:u,1153600,100.00,,
     0.090993367,971707,,instructions:u,1153600,100.00,,
     0.092142642,3,,branch-misses:u,1148256,100.00,,
     0.092142642,168740,,cache-misses:u,1148256,100.00,,
     0.092142642,1529015,,bus-cycles:u,1148288,100.00,,
     0.092142642,986405,,instructions:u,1148256,100.00,,
     0.093291501,3,,branch-misses:u,1148736,100.00,,
     0.093291501,166513,,cache-misses:u,1148800,100.00,,
     0.093291501,1529908,,bus-cycles:u,1148736,100.00,,
     0.093291501,968100,,instructions:u,1148736,100.00,,
     0.094439816,4,,branch-misses:u,1148512,100.00,,
     0.094439816,165476,,cache-misses:u,1148512,100.00,,
     0.094439816,1523088,,bus-cycles:u,1148544,100.00,,
     0.094439816,963900,,instructions:u,1148640,100.00,,
     0.095588867,3,,branch-misses:u,1148448,100.00,,
     0.095588867,167912,,cache-misses:u,1148448,100.00,,
     0.095588867,1530166,,bus-cycles:u,1148480,100.00,,
     0.095588867,971262,,instructions:u,1148448,100.00,,
     0.096738719,3,,branch-misses:u,1149824,100.00,,
     0.096738719,167232,,cache-misses:u,1149632,100.00,,
     0.096738719,1531408,,bus-cycles:u,1149568,100.00,,
     0.096738719,973534,,instructions:u,1149472,100.00,,
     0.097885049,4,,branch-misses:u,1146080,100.00,,
     0.097885049,168026,,cache-misses:u,1146240,100.00,,
     0.097885049,1526730,,bus-cycles:u,1146304,100.00,,
     0.097885049,980102,,instructions:u,1146304,100.00,,
     0.099033300,3,,branch-misses:u,1148672,100.00,,
     0.099033300,166324,,cache-misses:u,1148704,100.00,,
     0.099033300,1524815,,bus-cycles:u,1148736,100.00,,
     0.099033300,964278,,instructions:u,1148768,100.00,,
     0.100181680,3,,branch-misses:u,1147712,100.00,,
     0.100181680,167878,,cache-misses:u,1147776,100.00,,
     0.100181680,1529172,,bus-cycles:u,1147712,100.00,,
     0.100181680,981427,,instructions:u,1147680,100.00,,
     0.101328682,4,,branch-misses:u,1146944,100.00,,
     0.101328682,167216,,cache-misses:u,1146816,100.00,,
     0.101328682,1528222,,bus-cycles:u,1146912,100.00,,
     0.101328682,973509,,instructions:u,1146944,100.00,,
     0.102476133,3,,branch-misses:u,1147904,100.00,,
     0.102476133,169012,,cache-misses:u,1147936,100.00,,
     0.102476133,1523206,,bus-cycles:u,1147840,100.00,,
     0.102476133,985856,,instructions:u,1147936,100.00,,
     0.103624320,3,,branch-misses:u,1147648,100.00,,
     0.103624320,167929,,cache-misses:u,1147552,100.00,,
     0.103624320,1528867,,bus-cycles:u,1147616,100.00,,
     0.103624320,977310,,instructions:u,1147552,100.00,,
     0.104769787,4,,branch-misses:u,1145056,100.00,,
     0.104769787,165901,,cache-misses:u,1145088,100.00,,
     0.104769787,1526240,,bus-cycles:u,1145088,100.00,,
     0.104769787,962871,,instructions:u,1145024,100.00,,
     0.105915094,3,,branch-misses:u,1145312,100.00,,
     0.105915094,165726,,cache-misses:u,1145408,100.00,,
     0.105915094,1526812,,bus-cycles:u,1145440,100.00,,
     0.105915094,963603,,instructions:u,1145472,100.00,,
     0.107063089,3,,branch-misses:u,1148256,100.00,,
     0.107063089,167043,,cache-misses:u,1148256,100.00,,
     0.107063089,1524626,,bus-cycles:u,1148192,100.00,,
     0.107063089,969813,,instructions:u,1148288,100.00,,
     0.108210284,3,,branch-misses:u,1146592,100.00,,
     0.108210284,166616,,cache-misses:u,1146496,100.00,,
     0.108210284,1528025,,bus-cycles:u,1146432,100.00,,
     0.108210284,964845,,instructions:u,1146368,100.00,,
     0.109355175,4,,branch-misses:u,1144928,100.00,,
     0.109355175,167133,,cache-misses:u,1145024,100.00,,
     0.109355175,1526327,,bus-cycles:u,1145120,100.00,,
     0.109355175,972298,,instructions:u,1145056,100.00,,
     0.110500225,3,,branch-misses:u,1145088,100.00,,
     0.110500225,166744,,cache-misses:u,1144992,100.00,,
     0.110500225,1520497,,bus-cycles:u,1145024,100.00,,
     0.110500225,981752,,instructions:u,1145152,100.00,,
     0.111678400,4,,branch-misses:u,1178208,100.00,,
     0.111678400,171131,,cache-misses:u,1178336,100.00,,
     0.111678400,1570122,,bus-cycles:u,1178336,100.00,,
     0.111678400,1002577,,instructions:u,1178240,100.00,,
     0.112826011,4,,branch-misses:u,1148064,100.00,,
     0.112826011,168516,,cache-misses:u,1147904,100.00,,
     0.112826011,1529413,,bus-cycles:u,1147872,100.00,,
     0.112826011,984944,,instructions:u,1147904,100.00,,
     0.113972117,3,,branch-misses:u,1145088,100.00,,
     0.113972117,165826,,cache-misses:u,1145152,100.00,,
     0.113972117,1525856,,bus-cycles:u,1145152,100.00,,
     0.113972117,965389,,instructions:u,1145056,100.00,,
     0.115117928,3,,branch-misses:u,1146368,100.00,,
     0.115117928,167446,,cache-misses:u,1146944,100.00,,
     0.115117928,1522926,,bus-cycles:u,1146880,100.00,,
     0.115117928,972225,,instructions:u,1147072,100.00,,
     0.116273142,4,,branch-misses:u,1154496,100.00,,
     0.116273142,169166,,cache-misses:u,1154176,100.00,,
     0.116273142,1537916,,bus-cycles:u,1154208,100.00,,
     0.116273142,981852,,instructions:u,1154176,100.00,,
     0.117419331,3,,branch-misses:u,1146048,100.00,,
     0.117419331,169640,,cache-misses:u,1145920,100.00,,
     0.117419331,1527574,,bus-cycles:u,1145952,100.00,,
     0.117419331,988052,,instructions:u,1145888,100.00,,
     0.118567056,3,,branch-misses:u,1147904,100.00,,
     0.118567056,166303,,cache-misses:u,1147840,100.00,,
     0.118567056,1523297,,bus-cycles:u,1147872,100.00,,
     0.118567056,970213,,instructions:u,1147840,100.00,,
     0.119715197,4,,branch-misses:u,1147680,100.00,,
     0.119715197,168012,,cache-misses:u,1147840,100.00,,
     0.119715197,1529014,,bus-cycles:u,1147744,100.00,,
     0.119715197,980430,,instructions:u,1147776,100.00,,
     0.120864075,3,,branch-misses:u,1148704,100.00,,
     0.120864075,169152,,cache-misses:u,1148384,100.00,,
     0.120864075,1528891,,bus-cycles:u,1148384,100.00,,
     0.120864075,988632,,instructions:u,1148288,100.00,,
     0.122009816,3,,branch-misses:u,1145664,100.00,,
     0.122009816,170171,,cache-misses:u,1145664,100.00,,
     0.122009816,1525746,,bus-cycles:u,1145824,100.00,,
     0.122009816,987725,,instructions:u,1145856,100.00,,
     0.123155845,4,,branch-misses:u,1146368,100.00,,
     0.123155845,165733,,cache-misses:u,1147104,100.00,,
     0.123155845,1510938,,bus-cycles:u,1147040,100.00,,
     0.123155845,966564,,instructions:u,1147136,100.00,,
     0.124304722,3,,branch-misses:u,1148512,100.00,,
     0.124304722,167275,,cache-misses:u,1147904,100.00,,
     0.124304722,1528766,,bus-cycles:u,1147872,100.00,,
     0.124304722,973939,,instructions:u,1147808,100.00,,
     0.125451104,3,,branch-misses:u,1146016,100.00,,
     0.125451104,169781,,cache-misses:u,1146112,100.00,,
     0.125451104,1527259,,bus-cycles:u,1146080,100.00,,
     0.125451104,990081,,instructions:u,1146048,100.00,,
     0.126598925,4,,branch-misses:u,1148160,100.00,,
     0.126598925,168434,,cache-misses:u,1148064,100.00,,
     0.126598925,1523867,,bus-cycles:u,1148128,100.00,,
     0.126598925,983973,,instructions:u,1148128,100.00,,
     0.127746778,4,,branch-misses:u,1147392,100.00,,
     0.127746778,167567,,cache-misses:u,1147360,100.00,,
     0.127746778,1529005,,bus-cycles:u,1147296,100.00,,
     0.127746778,972570,,instructions:u,1147264,100.00,,
     0.128893767,3,,branch-misses:u,1146848,100.00,,
     0.128893767,168325,,cache-misses:u,1146880,100.00,,
     0.128893767,1528793,,bus-cycles:u,1146912,100.00,,
     0.128893767,986927,,instructions:u,1147040,100.00,,
     0.130040181,3,,branch-misses:u,1146336,100.00,,
     0.130040181,168925,,cache-misses:u,1146368,100.00,,
     0.130040181,1527173,,bus-cycles:u,1146304,100.00,,
     0.130040181,973620,,instructions:u,1147296,100.00,,
     0.131188610,4,,branch-misses:u,1148704,100.00,,
     0.131188610,165597,,cache-misses:u,1148608,100.00,,
     0.131188610,1523061,,bus-cycles:u,1148672,100.00,,
     0.131188610,968370,,instructions:u,1147584,100.00,,
     0.132351825,3,,branch-misses:u,1162912,100.00,,
     0.132351825,168097,,cache-misses:u,1163296,100.00,,
     0.132351825,1549966,,bus-cycles:u,1163360,100.00,,
     0.132351825,977836,,instructions:u,1163488,100.00,,
     0.133503102,3,,branch-misses:u,1151136,100.00,,
     0.133503102,168395,,cache-misses:u,1150912,100.00,,
     0.133503102,1533528,,bus-cycles:u,1150816,100.00,,
     0.133503102,986346,,instructions:u,1150688,100.00,,
     0.134650348,4,,branch-misses:u,1147392,100.00,,
     0.134650348,168169,,cache-misses:u,1147360,100.00,,
     0.134650348,1523024,,bus-cycles:u,1147328,100.00,,
     0.134650348,984494,,instructions:u,1147328,100.00,,
     0.135798297,3,,branch-misses:u,1147424,100.00,,
     0.135798297,164781,,cache-misses:u,1147360,100.00,,
     0.135798297,1529103,,bus-cycles:u,1147296,100.00,,
     0.135798297,963463,,instructions:u,1147328,100.00,,
     0.136944614,3,,branch-misses:u,1146144,100.00,,
     0.136944614,168722,,cache-misses:u,1146176,100.00,,
     0.136944614,1526471,,bus-cycles:u,1146240,100.00,,
     0.136944614,986522,,instructions:u,1146272,100.00,,
     0.138090931,4,,branch-misses:u,1146208,100.00,,
     0.138090931,167243,,cache-misses:u,1146240,100.00,,
     0.138090931,1526801,,bus-cycles:u,1146336,100.00,,
     0.138090931,968334,,instructions:u,1146336,100.00,,
     0.139238529,4,,branch-misses:u,1147904,100.00,,
     0.139238529,167218,,cache-misses:u,1147904,100.00,,
     0.139238529,1522983,,bus-cycles:u,1147808,100.00,,
     0.139238529,980302,,instructions:u,1147808,100.00,,
     0.140386126,3,,branch-misses:u,1147008,100.00,,
     0.140386126,168411,,cache-misses:u,1147040,100.00,,
     0.140386126,1528135,,bus-cycles:u,1147104,100.00,,
     0.140386126,987242,,instructions:u,1147008,100.00,,
     0.141532379,4,,branch-misses:u,1146176,100.00,,
     0.141532379,166292,,cache-misses:u,1146080,100.00,,
     0.141532379,1526033,,bus-cycles:u,1146016,100.00,,
     0.141532379,967884,,instructions:u,1146016,100.00,,
     0.142679592,3,,branch-misses:u,1147392,100.00,,
     0.142679592,165181,,cache-misses:u,1147360,100.00,,
     0.142679592,1522409,,bus-cycles:u,1147424,100.00,,
     0.142679592,963864,,instructions:u,1147552,100.00,,
     0.143826742,3,,branch-misses:u,1146688,100.00,,
     0.143826742,166862,,cache-misses:u,1146688,100.00,,
     0.143826742,1526302,,bus-cycles:u,1146688,100.00,,
     0.143826742,966789,,instructions:u,1146720,100.00,,
     0.144972771,3,,branch-misses:u,1146080,100.00,,
     0.144972771,165747,,cache-misses:u,1146112,100.00,,
     0.144972771,1526782,,bus-cycles:u,1146080,100.00,,
     0.144972771,965268,,instructions:u,1145984,100.00,,
     0.146119600,4,,branch-misses:u,1146880,100.00,,
     0.146119600,168075,,cache-misses:u,1146720,100.00,,
     0.146119600,1527658,,bus-cycles:u,1146656,100.00,,
     0.146119600,970894,,instructions:u,1146656,100.00,,
     0.147266493,3,,branch-misses:u,1146976,100.00,,
     0.147266493,167548,,cache-misses:u,1147168,100.00,,
     0.147266493,1522728,,bus-cycles:u,1147296,100.00,,
     0.147266493,974642,,instructions:u,1147296,100.00,,
     0.148414282,4,,branch-misses:u,1147360,100.00,,
     0.148414282,166119,,cache-misses:u,1147296,100.00,,
     0.148414282,1528775,,bus-cycles:u,1147232,100.00,,
     0.148414282,969016,,instructions:u,1147264,100.00,,
     0.149560664,4,,branch-misses:u,1146272,100.00,,
     0.149560664,169252,,cache-misses:u,1146304,100.00,,
     0.149560664,1527333,,bus-cycles:u,1146304,100.00,,
     0.149560664,987657,,instructions:u,1146240,100.00,,
     0.150706629,3,,branch-misses:u,1146368,100.00,,
     0.150706629,165250,,cache-misses:u,1146336,100.00,,
     0.150706629,1521188,,bus-cycles:u,1146304,100.00,,
     0.150706629,964166,,instructions:u,1146400,100.00,,
     0.151854674,3,,branch-misses:u,1147552,100.00,,
     0.151854674,167504,,cache-misses:u,1147744,100.00,,
     0.151854674,1528945,,bus-cycles:u,1147680,100.00,,
     0.151854674,971590,,instructions:u,1147584,100.00,,
     0.153002271,4,,branch-misses:u,1147392,100.00,,
     0.153002271,168313,,cache-misses:u,1147104,100.00,,
     0.153002271,1527950,,bus-cycles:u,1147264,100.00,,
     0.153002271,986879,,instructions:u,1147392,100.00,,
     0.154162126,3,,branch-misses:u,1159968,100.00,,
     0.154162126,168326,,cache-misses:u,1160032,100.00,,
     0.154162126,1544999,,bus-cycles:u,1159872,100.00,,
     0.154162126,974236,,instructions:u,1159840,100.00,,
     0.155310459,3,,branch-misses:u,1148384,100.00,,
     0.155310459,168399,,cache-misses:u,1148320,100.00,,
     0.155310459,1523377,,bus-cycles:u,1148480,100.00,,
     0.155310459,980483,,instructions:u,1148480,100.00,,
     0.156458889,3,,branch-misses:u,1147840,100.00,,
     0.156458889,166403,,cache-misses:u,1147936,100.00,,
     0.156458889,1528348,,bus-cycles:u,1147872,100.00,,
     0.156458889,965448,,instructions:u,1147776,100.00,,
     0.157605206,4,,branch-misses:u,1146336,100.00,,
     0.157605206,167103,,cache-misses:u,1146208,100.00,,
     0.157605206,1526093,,bus-cycles:u,1146208,100.00,,
     0.157605206,975079,,instructions:u,1146272,100.00,,
     0.158752931,3,,branch-misses:u,1148064,100.00,,
     0.158752931,166781,,cache-misses:u,1148192,100.00,,
     0.158752931,1522398,,bus-cycles:u,1148096,100.00,,
     0.158752931,977234,,instructions:u,1148128,100.00,,
     0.159901136,3,,branch-misses:u,1147424,100.00,,
     0.159901136,166969,,cache-misses:u,1147392,100.00,,
     0.159901136,1527422,,bus-cycles:u,1147456,100.00,,
     0.159901136,969138,,instructions:u,1147424,100.00,,
     0.161047678,4,,branch-misses:u,1146432,100.00,,
     0.161047678,167047,,cache-misses:u,1146368,100.00,,
     0.161047678,1527052,,bus-cycles:u,1146368,100.00,,
     0.161047678,969297,,instructions:u,1146176,100.00,,
     0.162193451,3,,branch-misses:u,1145760,100.00,,
     0.162193451,167554,,cache-misses:u,1145888,100.00,,
     0.162193451,1526782,,bus-cycles:u,1145920,100.00,,
     0.162193451,976468,,instructions:u,1145952,100.00,,
     0.163340184,3,,branch-misses:u,1146976,100.00,,
     0.163340184,165444,,cache-misses:u,1147040,100.00,,
     0.163340184,1522925,,bus-cycles:u,1147008,100.00,,
     0.163340184,965561,,instructions:u,1147104,100.00,,
     0.164487109,4,,branch-misses:u,1146432,100.00,,
     0.164487109,166520,,cache-misses:u,1146400,100.00,,
     0.164487109,1528007,,bus-cycles:u,1146496,100.00,,
     0.164487109,966556,,instructions:u,1146496,100.00,,
     0.165633362,3,,branch-misses:u,1146208,100.00,,
     0.165633362,168560,,cache-misses:u,1146176,100.00,,
     0.165633362,1527036,,bus-cycles:u,1146144,100.00,,
     0.165633362,981248,,instructions:u,1146176,100.00,,
     0.166781056,3,,branch-misses:u,1147904,100.00,,
     0.166781056,165382,,cache-misses:u,1147808,100.00,,
     0.166781056,1523199,,bus-cycles:u,1147840,100.00,,
     0.166781056,971905,,instructions:u,1147968,100.00,,
     0.167927597,3,,branch-misses:u,1145984,100.00,,
     0.167927597,169978,,cache-misses:u,1145920,100.00,,
     0.167927597,1525863,,bus-cycles:u,1145856,100.00,,
     0.167927597,980316,,instructions:u,1145728,100.00,,
     0.169071962,4,,branch-misses:u,1144320,100.00,,
     0.169071962,167345,,cache-misses:u,1144416,100.00,,
     0.169071962,1524731,,bus-cycles:u,1144384,100.00,,
     0.169071962,983837,,instructions:u,1144320,100.00,,
     0.170216583,3,,branch-misses:u,1144672,100.00,,
     0.170216583,166105,,cache-misses:u,1144608,100.00,,
     0.170216583,1525260,,bus-cycles:u,1144608,100.00,,
     0.170216583,969511,,instructions:u,1144640,100.00,,
     0.171364020,3,,branch-misses:u,1149248,100.00,,
     0.171364020,166839,,cache-misses:u,1149760,100.00,,
     0.171364020,1526048,,bus-cycles:u,1149632,100.00,,
     0.171364020,969912,,instructions:u,1149696,100.00,,
     0.172520098,4,,branch-misses:u,1153920,100.00,,
     0.172520098,168211,,cache-misses:u,1153600,100.00,,
     0.172520098,1537692,,bus-cycles:u,1153728,100.00,,
     0.172520098,976651,,instructions:u,1153760,100.00,,
     0.173667279,3,,branch-misses:u,1146976,100.00,,
     0.173667279,168246,,cache-misses:u,1146848,100.00,,
     0.173667279,1528073,,bus-cycles:u,1146976,100.00,,
     0.173667279,985166,,instructions:u,1146816,100.00,,
     0.174829278,3,,branch-misses:u,1162304,100.00,,
     0.174829278,169018,,cache-misses:u,1162336,100.00,,
     0.174829278,1542952,,bus-cycles:u,1162144,100.00,,
     0.174829278,981212,,instructions:u,1162272,100.00,,
     0.175977739,4,,branch-misses:u,1148160,100.00,,
     0.175977739,166773,,cache-misses:u,1148256,100.00,,
     0.175977739,1529655,,bus-cycles:u,1148384,100.00,,
     0.175977739,968374,,instructions:u,1148320,100.00,,
     0.177124345,3,,branch-misses:u,1146656,100.00,,
     0.177124345,169357,,cache-misses:u,1146592,100.00,,
     0.177124345,1527290,,bus-cycles:u,1146464,100.00,,
     0.177124345,987665,,instructions:u,1146528,100.00,,
     0.178271430,3,,branch-misses:u,1146816,100.00,,
     0.178271430,165584,,cache-misses:u,1146880,100.00,,
     0.178271430,1528438,,bus-cycles:u,1147008,100.00,,
     0.178271430,965475,,instructions:u,1146944,100.00,,
     0.179419443,4,,branch-misses:u,1148288,100.00,,
     0.179419443,166877,,cache-misses:u,1148320,100.00,,
     0.179419443,1521911,,bus-cycles:u,1148224,100.00,,
     0.179419443,967947,,instructions:u,1148288,100.00,,
     0.180567425,3,,branch-misses:u,1147296,100.00,,
     0.180567425,165917,,cache-misses:u,1147232,100.00,,
     0.180567425,1528547,,bus-cycles:u,1147424,100.00,,
     0.180567425,969498,,instructions:u,1147360,100.00,,
     0.181713998,3,,branch-misses:u,1146368,100.00,,
     0.181713998,167131,,cache-misses:u,1146240,100.00,,
     0.181713998,1527484,,bus-cycles:u,1146144,100.00,,
     0.181713998,965394,,instructions:u,1146208,100.00,,
     0.182862459,3,,branch-misses:u,1148992,100.00,,
     0.182862459,167049,,cache-misses:u,1149088,100.00,,
     0.182862459,1525470,,bus-cycles:u,1149536,100.00,,
     0.182862459,970272,,instructions:u,1149408,100.00,,
     0.184010664,4,,branch-misses:u,1147616,100.00,,
     0.184010664,166443,,cache-misses:u,1147712,100.00,,
     0.184010664,1528381,,bus-cycles:u,1147200,100.00,,
     0.184010664,968239,,instructions:u,1147200,100.00,,
     0.185158166,4,,branch-misses:u,1147648,100.00,,
     0.185158166,167351,,cache-misses:u,1147424,100.00,,
     0.185158166,1528660,,bus-cycles:u,1147424,100.00,,
     0.185158166,970254,,instructions:u,1147456,100.00,,
     0.186304387,3,,branch-misses:u,1146144,100.00,,
     0.186304387,166893,,cache-misses:u,1146208,100.00,,
     0.186304387,1526669,,bus-cycles:u,1146272,100.00,,
     0.186304387,967320,,instructions:u,1146368,100.00,,
     0.187450736,4,,branch-misses:u,1146496,100.00,,
     0.187450736,167688,,cache-misses:u,1146912,100.00,,
     0.187450736,1521330,,bus-cycles:u,1146944,100.00,,
     0.187450736,968339,,instructions:u,1146976,100.00,,
     0.188602078,3,,branch-misses:u,1150816,100.00,,
     0.188602078,166165,,cache-misses:u,1150432,100.00,,
     0.188602078,1531995,,bus-cycles:u,1150400,100.00,,
     0.188602078,967104,,instructions:u,1150368,100.00,,
     0.189750251,3,,branch-misses:u,1148000,100.00,,
     0.189750251,167819,,cache-misses:u,1148032,100.00,,
     0.189750251,1528622,,bus-cycles:u,1147968,100.00,,
     0.189750251,972166,,instructions:u,1147904,100.00,,
     0.190898712,3,,branch-misses:u,1149088,100.00,,
     0.190898712,167175,,cache-misses:u,1149056,100.00,,
     0.190898712,1520807,,bus-cycles:u,1149152,100.00,,
     0.190898712,980757,,instructions:u,1149248,100.00,,
     0.192048326,4,,branch-misses:u,1148832,100.00,,
     0.192048326,167912,,cache-misses:u,1148928,100.00,,
     0.192048326,1528963,,bus-cycles:u,1148864,100.00,,
     0.192048326,985506,,instructions:u,1148800,100.00,,
     0.193194355,3,,branch-misses:u,1145696,100.00,,
     0.193194355,168723,,cache-misses:u,1145568,100.00,,
     0.193194355,1524888,,bus-cycles:u,1145568,100.00,,
     0.193194355,988205,,instructions:u,1145632,100.00,,
     0.194340192,3,,branch-misses:u,1145888,100.00,,
     0.194340192,168383,,cache-misses:u,1145824,100.00,,
     0.194340192,1525045,,bus-cycles:u,1145792,100.00,,
     0.194340192,970893,,instructions:u,1145824,100.00,,
     0.195515248,4,,branch-misses:u,1175872,100.00,,
     0.195515248,168634,,cache-misses:u,1177024,100.00,,
     0.195515248,1561013,,bus-cycles:u,1177120,100.00,,
     0.195515248,978882,,instructions:u,1177056,100.00,,
     0.196665566,3,,branch-misses:u,1149312,100.00,,
     0.196665566,166470,,cache-misses:u,1148160,100.00,,
     0.196665566,1529660,,bus-cycles:u,1148160,100.00,,
     0.196665566,964674,,instructions:u,1148128,100.00,,
     0.197812427,3,,branch-misses:u,1146592,100.00,,
     0.197812427,166454,,cache-misses:u,1146688,100.00,,
     0.197812427,1527309,,bus-cycles:u,1146624,100.00,,
     0.197812427,965830,,instructions:u,1146656,100.00,,
     0.198960216,4,,branch-misses:u,1148224,100.00,,
     0.198960216,166860,,cache-misses:u,1148192,100.00,,
     0.198960216,1522611,,bus-cycles:u,1148192,100.00,,
     0.198960216,977870,,instructions:u,1148096,100.00,,
     0.200108357,3,,branch-misses:u,1147552,100.00,,
     0.200108357,165393,,cache-misses:u,1147584,100.00,,
     0.200108357,1527682,,bus-cycles:u,1147520,100.00,,
     0.200108357,967959,,instructions:u,1147616,100.00,,
     0.201254707,3,,branch-misses:u,1146208,100.00,,
     0.201254707,167529,,cache-misses:u,1146144,100.00,,
     0.201254707,1526862,,bus-cycles:u,1146240,100.00,,
     0.201254707,977094,,instructions:u,1146144,100.00,,
     0.202403680,3,,branch-misses:u,1149568,100.00,,
     0.202403680,166148,,cache-misses:u,1149760,100.00,,
     0.202403680,1525008,,bus-cycles:u,1149760,100.00,,
     0.202403680,970908,,instructions:u,1149856,100.00,,
     0.203552237,4,,branch-misses:u,1147968,100.00,,
     0.203552237,166571,,cache-misses:u,1148320,100.00,,
     0.203552237,1528983,,bus-cycles:u,1148288,100.00,,
     0.203552237,972130,,instructions:u,1148256,100.00,,
     0.204699355,3,,branch-misses:u,1146784,100.00,,
     0.204699355,168241,,cache-misses:u,1146208,100.00,,
     0.204699355,1527321,,bus-cycles:u,1146304,100.00,,
     0.204699355,979668,,instructions:u,1146304,100.00,,
     0.205845544,3,,branch-misses:u,1146080,100.00,,
     0.205845544,168346,,cache-misses:u,1146272,100.00,,
     0.205845544,1526483,,bus-cycles:u,1146176,100.00,,
     0.205845544,986139,,instructions:u,1146144,100.00,,
     0.206992501,4,,branch-misses:u,1147392,100.00,,
     0.206992501,164710,,cache-misses:u,1147232,100.00,,
     0.206992501,1522288,,bus-cycles:u,1147232,100.00,,
     0.206992501,965229,,instructions:u,1147232,100.00,,
     0.208140898,3,,branch-misses:u,1147776,100.00,,
     0.208140898,167817,,cache-misses:u,1147776,100.00,,
     0.208140898,1530000,,bus-cycles:u,1147744,100.00,,
     0.208140898,982517,,instructions:u,1147744,100.00,,
     0.209287248,3,,branch-misses:u,1146368,100.00,,
     0.209287248,169150,,cache-misses:u,1146240,100.00,,
     0.209287248,1527487,,bus-cycles:u,1146240,100.00,,
     0.209287248,981103,,instructions:u,1146240,100.00,,
     0.210434877,4,,branch-misses:u,1147680,100.00,,
     0.210434877,167977,,cache-misses:u,1147840,100.00,,
     0.210434877,1524315,,bus-cycles:u,1147936,100.00,,
     0.210434877,985331,,instructions:u,1148096,100.00,,
     0.211581866,3,,branch-misses:u,1146560,100.00,,
     0.211581866,169018,,cache-misses:u,1146560,100.00,,
     0.211581866,1527899,,bus-cycles:u,1146464,100.00,,
     0.211581866,978664,,instructions:u,1146304,100.00,,
     0.212727543,3,,branch-misses:u,1145568,100.00,,
     0.212727543,167459,,cache-misses:u,1145600,100.00,,
     0.212727543,1526323,,bus-cycles:u,1145632,100.00,,
     0.212727543,981590,,instructions:u,1145696,100.00,,
     0.213873540,4,,branch-misses:u,1145888,100.00,,
     0.213873540,166832,,cache-misses:u,1145792,100.00,,
     0.213873540,1526679,,bus-cycles:u,1145856,100.00,,
     0.213873540,966430,,instructions:u,1145696,100.00,,
     0.215020946,3,,branch-misses:u,1147776,100.00,,
     0.215020946,167864,,cache-misses:u,1147808,100.00,,
     0.215020946,1522995,,bus-cycles:u,1147744,100.00,,
     0.215020946,982206,,instructions:u,1147904,100.00,,
     0.216168415,3,,branch-misses:u,1146816,100.00,,
     0.216168415,169246,,cache-misses:u,1146944,100.00,,
     0.216168415,1527065,,bus-cycles:u,1146944,100.00,,
     0.216168415,986576,,instructions:u,1146944,100.00,,
     0.217326509,4,,branch-misses:u,1158496,100.00,,
     0.217326509,168510,,cache-misses:u,1158592,100.00,,
     0.217326509,1542682,,bus-cycles:u,1158560,100.00,,
     0.217326509,978711,,instructions:u,1158496,100.00,,
     0.218476091,3,,branch-misses:u,1149504,100.00,,
     0.218476091,168009,,cache-misses:u,1149312,100.00,,
     0.218476091,1524664,,bus-cycles:u,1149376,100.00,,
     0.218476091,977022,,instructions:u,1149472,100.00,,
     0.219624456,3,,branch-misses:u,1147744,100.00,,
     0.219624456,166793,,cache-misses:u,1147776,100.00,,
     0.219624456,1528994,,bus-cycles:u,1147776,100.00,,
     0.219624456,971973,,instructions:u,1147744,100.00,,
     0.220770517,4,,branch-misses:u,1145824,100.00,,
     0.220770517,166052,,cache-misses:u,1145760,100.00,,
     0.220770517,1526452,,bus-cycles:u,1145760,100.00,,
     0.220770517,969526,,instructions:u,1145696,100.00,,
     0.221916482,3,,branch-misses:u,1145984,100.00,,
     0.221916482,167525,,cache-misses:u,1146016,100.00,,
     0.221916482,1526889,,bus-cycles:u,1145984,100.00,,
     0.221916482,976046,,instructions:u,1145984,100.00,,
     0.223063568,3,,branch-misses:u,1147456,100.00,,
     0.223063568,166492,,cache-misses:u,1147456,100.00,,
     0.223063568,1522323,,bus-cycles:u,1147392,100.00,,
     0.223063568,972002,,instructions:u,1147456,100.00,,
     0.224210461,3,,branch-misses:u,1146304,100.00,,
     0.224210461,164931,,cache-misses:u,1146304,100.00,,
     0.224210461,1528039,,bus-cycles:u,1146432,100.00,,
     0.224210461,967673,,instructions:u,1146400,100.00,,
     0.225355050,4,,branch-misses:u,1144576,100.00,,
     0.225355050,168523,,cache-misses:u,1144672,100.00,,
     0.225355050,1525430,,bus-cycles:u,1144576,100.00,,
     0.225355050,987626,,instructions:u,1144576,100.00,,
     0.226499671,3,,branch-misses:u,1145280,100.00,,
     0.226499671,167016,,cache-misses:u,1145280,100.00,,
     0.226499671,1520462,,bus-cycles:u,1145216,100.00,,
     0.226499671,971878,,instructions:u,1145312,100.00,,
     0.227650756,3,,branch-misses:u,1150176,100.00,,
     0.227650756,168261,,cache-misses:u,1150112,100.00,,
     0.227650756,1531767,,bus-cycles:u,1150176,100.00,,
     0.227650756,983520,,instructions:u,1150016,100.00,,
     0.228795761,4,,branch-misses:u,1144768,100.00,,
     0.228795761,168297,,cache-misses:u,1144768,100.00,,
     0.228795761,1524784,,bus-cycles:u,1144736,100.00,,
     0.228795761,985376,,instructions:u,1144800,100.00,,
     0.229940414,3,,branch-misses:u,1144576,100.00,,
     0.229940414,166760,,cache-misses:u,1144576,100.00,,
     0.229940414,1524829,,bus-cycles:u,1144640,100.00,,
     0.229940414,969817,,instructions:u,1144640,100.00,,
     0.231087020,3,,branch-misses:u,1146848,100.00,,
     0.231087020,166212,,cache-misses:u,1147040,100.00,,
     0.231087020,1522168,,bus-cycles:u,1147200,100.00,,
     0.231087020,971235,,instructions:u,1147232,100.00,,
     0.232238425,4,,branch-misses:u,1151040,100.00,,
     0.232238425,168428,,cache-misses:u,1150944,100.00,,
     0.232238425,1532906,,bus-cycles:u,1150816,100.00,,
     0.232238425,981510,,instructions:u,1150816,100.00,,
     0.233384582,3,,branch-misses:u,1145888,100.00,,
     0.233384582,168836,,cache-misses:u,1145728,100.00,,
     0.233384582,1525388,,bus-cycles:u,1145696,100.00,,
     0.233384582,987784,,instructions:u,1145664,100.00,,
     0.234530996,3,,branch-misses:u,1146880,100.00,,
     0.234530996,166751,,cache-misses:u,1146944,100.00,,
     0.234530996,1521355,,bus-cycles:u,1146944,100.00,,
     0.234530996,969352,,instructions:u,1147040,100.00,,
     0.235678849,4,,branch-misses:u,1147232,100.00,,
     0.235678849,165808,,cache-misses:u,1147136,100.00,,
     0.235678849,1527220,,bus-cycles:u,1147136,100.00,,
     0.235678849,963510,,instructions:u,1147104,100.00,,
     0.236825294,3,,branch-misses:u,1146304,100.00,,
     0.236825294,165847,,cache-misses:u,1146336,100.00,,
     0.236825294,1527049,,bus-cycles:u,1146464,100.00,,
     0.236825294,967149,,instructions:u,1146432,100.00,,
     0.237985949,3,,branch-misses:u,1160864,100.00,,
     0.237985949,169695,,cache-misses:u,1160992,100.00,,
     0.237985949,1546830,,bus-cycles:u,1160896,100.00,,
     0.237985949,982057,,instructions:u,1160896,100.00,,
     0.239135210,3,,branch-misses:u,1149472,100.00,,
     0.239135210,166900,,cache-misses:u,1149376,100.00,,
     0.239135210,1525490,,bus-cycles:u,1149376,100.00,,
     0.239135210,973994,,instructions:u,1149344,100.00,,
     0.240283479,4,,branch-misses:u,1147584,100.00,,
     0.240283479,166373,,cache-misses:u,1147648,100.00,,
     0.240283479,1528727,,bus-cycles:u,1147552,100.00,,
     0.240283479,968559,,instructions:u,1147552,100.00,,
     0.241429669,3,,branch-misses:u,1146016,100.00,,
     0.241429669,166644,,cache-misses:u,1145920,100.00,,
     0.241429669,1527144,,bus-cycles:u,1145952,100.00,,
     0.241429669,968679,,instructions:u,1145856,100.00,,
     0.242575986,3,,branch-misses:u,1146816,100.00,,
     0.242575986,164787,,cache-misses:u,1146912,100.00,,
     0.242575986,1522085,,bus-cycles:u,1146976,100.00,,
     0.242575986,958792,,instructions:u,1147136,100.00,,
     0.243723871,4,,branch-misses:u,1147200,100.00,,
     0.243723871,169109,,cache-misses:u,1147200,100.00,,
     0.243723871,1527772,,bus-cycles:u,1147168,100.00,,
     0.243723871,986019,,instructions:u,1147104,100.00,,
     0.244870252,3,,branch-misses:u,1146368,100.00,,
     0.244870252,165512,,cache-misses:u,1146336,100.00,,
     0.244870252,1527032,,bus-cycles:u,1146368,100.00,,
     0.244870252,963549,,instructions:u,1146336,100.00,,
     0.246016089,3,,branch-misses:u,1145728,100.00,,
     0.246016089,167799,,cache-misses:u,1145696,100.00,,
     0.246016089,1526969,,bus-cycles:u,1145696,100.00,,
     0.246016089,984933,,instructions:u,1145568,100.00,,
     0.247163783,4,,branch-misses:u,1148032,100.00,,
     0.247163783,168836,,cache-misses:u,1148608,100.00,,
     0.247163783,1521117,,bus-cycles:u,1148608,100.00,,
     0.247163783,976421,,instructions:u,1148800,100.00,,
     0.248312724,3,,branch-misses:u,1148320,100.00,,
     0.248312724,166382,,cache-misses:u,1147712,100.00,,
     0.248312724,1529534,,bus-cycles:u,1147776,100.00,,
     0.248312724,972229,,instructions:u,1147744,100.00,,
     0.249458817,3,,branch-misses:u,1145952,100.00,,
     0.249458817,168264,,cache-misses:u,1145984,100.00,,
     0.249458817,1527186,,bus-cycles:u,1145920,100.00,,
     0.249458817,985847,,instructions:u,1145952,100.00,,
     0.250605710,3,,branch-misses:u,1147392,100.00,,
     0.250605710,166332,,cache-misses:u,1147424,100.00,,
     0.250605710,1522596,,bus-cycles:u,1147360,100.00,,
     0.250605710,967936,,instructions:u,1147328,100.00,,
     0.251753340,4,,branch-misses:u,1146880,100.00,,
     0.251753340,168758,,cache-misses:u,1146720,100.00,,
     0.251753340,1528522,,bus-cycles:u,1146848,100.00,,
     0.251753340,991300,,instructions:u,1146944,100.00,,
     0.252899209,3,,branch-misses:u,1145792,100.00,,
     0.252899209,166797,,cache-misses:u,1145952,100.00,,
     0.252899209,1526862,,bus-cycles:u,1146016,100.00,,
     0.252899209,967070,,instructions:u,1145888,100.00,,
     0.254045686,3,,branch-misses:u,1146400,100.00,,
     0.254045686,168964,,cache-misses:u,1146368,100.00,,
     0.254045686,1527849,,bus-cycles:u,1146176,100.00,,
     0.254045686,987840,,instructions:u,1146144,100.00,,
     0.255192739,4,,branch-misses:u,1147296,100.00,,
     0.255192739,166540,,cache-misses:u,1147232,100.00,,
     0.255192739,1522829,,bus-cycles:u,1147264,100.00,,
     0.255192739,972123,,instructions:u,1147392,100.00,,
     0.256340401,3,,branch-misses:u,1147296,100.00,,
     0.256340401,167056,,cache-misses:u,1147328,100.00,,
     0.256340401,1528962,,bus-cycles:u,1147264,100.00,,
     0.256340401,969201,,instructions:u,1147136,100.00,,
     0.257487038,3,,branch-misses:u,1146432,100.00,,
     0.257487038,167515,,cache-misses:u,1146592,100.00,,
     0.257487038,1527374,,bus-cycles:u,1146720,100.00,,
     0.257487038,978539,,instructions:u,1146848,100.00,,
     0.258647404,9,,branch-misses:u,1160768,100.00,,
     0.258647404,56082,,cache-misses:u,1162912,100.00,,
     0.258647404,530175,,bus-cycles:u,1162720,100.00,,
     0.258647404,331144,,instructions:u,1162688,100.00,,
     0.259800122,115,,branch-misses:u,1153504,100.00,,
     0.259800122,83,,cache-misses:u,1152288,100.00,,
     0.259800122,39193,,bus-cycles:u,1152384,100.00,,
     0.259800122,1253,,instructions:u,1152352,100.00,,
