     0.001103216,<not counted>,,branch-misses:u,0,100.00,,
     0.001103216,<not counted>,,cache-misses:u,0,100.00,,
     0.001103216,<not counted>,,bus-cycles:u,0,100.00,,
     0.001103216,<not counted>,,instructions:u,0,100.00,,
     0.002638903,2364,,branch-misses:u,1517536,100.00,,
     0.002638903,2038,,cache-misses:u,1529472,100.00,,
     0.002638903,184210,,bus-cycles:u,1538272,100.00,,
     0.002638903,117430,,instructions:u,1546784,100.00,,
     0.003934556,0,,branch-misses:u,1292224,100.00,,
     0.003934556,4230,,cache-misses:u,1288352,100.00,,
     0.003934556,109214,,bus-cycles:u,1285024,100.00,,
     0.003934556,102912,,instructions:u,1282624,100.00,,
     0.005133191,0,,branch-misses:u,1196288,100.00,,
     0.005133191,117,,cache-misses:u,1195520,100.00,,
     0.005133191,250070,,bus-cycles:u,1195776,100.00,,
     0.005133191,263065,,instructions:u,1195424,100.00,,
     0.006317709,0,,branch-misses:u,1184128,100.00,,
     0.006317709,52,,cache-misses:u,1184480,100.00,,
     0.006317709,257766,,bus-cycles:u,1185152,100.00,,
     0.006317709,263527,,instructions:u,1185408,100.00,,
     0.007523834,0,,branch-misses:u,1205920,100.00,,
     0.007523834,8,,cache-misses:u,1205792,100.00,,
     0.007523834,248918,,bus-cycles:u,1204704,100.00,,
     0.007523834,262144,,instructions:u,1204992,100.00,,
     0.008749516,0,,branch-misses:u,1225088,100.00,,
     0.008749516,12,,cache-misses:u,1225088,100.00,,
     0.008749516,249688,,bus-cycles:u,1226656,100.00,,
     0.008749516,262144,,instructions:u,1226656,100.00,,
     0.009988385,0,,branch-misses:u,1238048,100.00,,
     0.009988385,11,,cache-misses:u,1238624,100.00,,
     0.009988385,249078,,bus-cycles:u,1237664,100.00,,
     0.009988385,262144,,instructions:u,1237632,100.00,,
     0.011217620,0,,branch-misses:u,1228416,100.00,,
     0.011217620,10,,cache-misses:u,1227328,100.00,,
     0.011217620,262362,,bus-cycles:u,1228288,100.00,,
     0.011217620,262144,,instructions:u,1228000,100.00,,
     0.012478576,0,,branch-misses:u,1262496,100.00,,
     0.012478576,11,,cache-misses:u,1263232,100.00,,
     0.012478576,251508,,bus-cycles:u,1261888,100.00,,
     0.012478576,262144,,instructions:u,1262816,100.00,,
     0.013709571,0,,branch-misses:u,1229472,100.00,,
     0.013709571,11,,cache-misses:u,1228512,100.00,,
     0.013709571,249180,,bus-cycles:u,1229504,100.00,,
     0.013709571,262144,,instructions:u,1228096,100.00,,
     0.014937686,0,,branch-misses:u,1229088,100.00,,
     0.014937686,29,,cache-misses:u,1229600,100.00,,
     0.014937686,367548,,bus-cycles:u,1229504,100.00,,
     0.014937686,386309,,instructions:u,1230560,100.00,,
     0.016169258,0,,branch-misses:u,1231488,100.00,,
     0.016169258,53,,cache-misses:u,1232128,100.00,,
     0.016169258,262884,,bus-cycles:u,1231808,100.00,,
     0.016169258,269051,,instructions:u,1231968,100.00,,
     0.017405662,0,,branch-misses:u,1233952,100.00,,
     0.017405662,12,,cache-misses:u,1232512,100.00,,
     0.017405662,257428,,bus-cycles:u,1232672,100.00,,
     0.017405662,262144,,instructions:u,1231808,100.00,,
     0.018632881,0,,branch-misses:u,1227072,100.00,,
     0.018632881,7,,cache-misses:u,1227776,100.00,,
     0.018632881,248449,,bus-cycles:u,1227424,100.00,,
     0.018632881,262144,,instructions:u,1227584,100.00,,
     0.019860067,0,,branch-misses:u,1184096,100.00,,
     0.019860067,9,,cache-misses:u,1184512,100.00,,
     0.019860067,251682,,bus-cycles:u,1184544,100.00,,
     0.019860067,262144,,instructions:u,1184576,100.00,,
     0.021092567,0,,branch-misses:u,1232800,100.00,,
     0.021092567,11,,cache-misses:u,1230976,100.00,,
     0.021092567,248129,,bus-cycles:u,1230880,100.00,,
     0.021092567,262144,,instructions:u,1230848,100.00,,
     0.022319913,0,,branch-misses:u,1227104,100.00,,
     0.022319913,29,,cache-misses:u,1228544,100.00,,
     0.022319913,357824,,bus-cycles:u,1228896,100.00,,
     0.022319913,376735,,instructions:u,1228960,100.00,,
     0.023548604,0,,branch-misses:u,1227072,100.00,,
     0.023548604,50,,cache-misses:u,1227872,100.00,,
     0.023548604,284514,,bus-cycles:u,1227520,100.00,,
     0.023548604,278625,,instructions:u,1227168,100.00,,
     0.024834719,0,,branch-misses:u,1287040,100.00,,
     0.024834719,5,,cache-misses:u,1286272,100.00,,
     0.024834719,249223,,bus-cycles:u,1285856,100.00,,
     0.024834719,262144,,instructions:u,1286240,100.00,,
     0.026065842,0,,branch-misses:u,1229632,100.00,,
     0.026065842,12,,cache-misses:u,1229920,100.00,,
     0.026065842,249334,,bus-cycles:u,1232000,100.00,,
     0.026065842,274041,,instructions:u,1232064,100.00,,
     0.027275712,0,,branch-misses:u,1210272,100.00,,
     0.027275712,62,,cache-misses:u,1211584,100.00,,
     0.027275712,387689,,bus-cycles:u,1210368,100.00,,
     0.027275712,376340,,instructions:u,1210272,100.00,,
     0.028517302,0,,branch-misses:u,1240128,100.00,,
     0.028517302,48,,cache-misses:u,1237184,100.00,,
     0.028517302,260345,,bus-cycles:u,1236608,100.00,,
     0.028517302,267123,,instructions:u,1236256,100.00,,
     0.029746697,0,,branch-misses:u,1228960,100.00,,
     0.029746697,8,,cache-misses:u,1230080,100.00,,
     0.029746697,247936,,bus-cycles:u,1229952,100.00,,
     0.029746697,262144,,instructions:u,1231104,100.00,,
     0.030976828,0,,branch-misses:u,1230496,100.00,,
     0.030976828,34,,cache-misses:u,1230624,100.00,,
     0.030976828,303007,,bus-cycles:u,1231136,100.00,,
     0.030976828,323441,,instructions:u,1230656,100.00,,
     0.032210736,0,,branch-misses:u,1234272,100.00,,
     0.032210736,51,,cache-misses:u,1234720,100.00,,
     0.032210736,333567,,bus-cycles:u,1234752,100.00,,
     0.032210736,331919,,instructions:u,1234240,100.00,,
     0.033442852,0,,branch-misses:u,1230912,100.00,,
     0.033442852,6,,cache-misses:u,1230464,100.00,,
     0.033442852,247380,,bus-cycles:u,1230112,100.00,,
     0.033442852,262144,,instructions:u,1230304,100.00,,
     0.034670998,0,,branch-misses:u,1227584,100.00,,
     0.034670998,11,,cache-misses:u,1227264,100.00,,
     0.034670998,247778,,bus-cycles:u,1228256,100.00,,
     0.034670998,262144,,instructions:u,1228032,100.00,,
     0.035899529,0,,branch-misses:u,1230400,100.00,,
     0.035899529,39,,cache-misses:u,1231904,100.00,,
     0.035899529,384042,,bus-cycles:u,1231296,100.00,,
     0.035899529,393216,,instructions:u,1231008,100.00,,
     0.037135614,0,,branch-misses:u,1232544,100.00,,
     0.037135614,16,,cache-misses:u,1230912,100.00,,
     0.037135614,255847,,bus-cycles:u,1230880,100.00,,
     0.037135614,262144,,instructions:u,1231264,100.00,,
     0.038363600,0,,branch-misses:u,1228320,100.00,,
     0.038363600,9,,cache-misses:u,1228480,100.00,,
     0.038363600,247760,,bus-cycles:u,1228096,100.00,,
     0.038363600,262144,,instructions:u,1228128,100.00,,
     0.039591235,0,,branch-misses:u,1229728,100.00,,
     0.039591235,19,,cache-misses:u,1230688,100.00,,
     0.039591235,307213,,bus-cycles:u,1231040,100.00,,
     0.039591235,327933,,instructions:u,1231104,100.00,,
     0.040829336,0,,branch-misses:u,1236128,100.00,,
     0.040829336,61,,cache-misses:u,1234624,100.00,,
     0.040829336,327802,,bus-cycles:u,1235264,100.00,,
     0.040829336,327427,,instructions:u,1235200,100.00,,
     0.042059659,0,,branch-misses:u,1230720,100.00,,
     0.042059659,11,,cache-misses:u,1232064,100.00,,
     0.042059659,247856,,bus-cycles:u,1231488,100.00,,
     0.042059659,262144,,instructions:u,1230944,100.00,,
     0.043293087,0,,branch-misses:u,1231616,100.00,,
     0.043293087,14,,cache-misses:u,1231520,100.00,,
     0.043293087,248221,,bus-cycles:u,1231392,100.00,,
     0.043293087,262144,,instructions:u,1232160,100.00,,
     0.044525459,0,,branch-misses:u,1234656,100.00,,
     0.044525459,26,,cache-misses:u,1234144,100.00,,
     0.044525459,357779,,bus-cycles:u,1234560,100.00,,
     0.044525459,369129,,instructions:u,1234272,100.00,,
     0.045757511,0,,branch-misses:u,1228768,100.00,,
     0.045757511,56,,cache-misses:u,1228960,100.00,,
     0.045757511,285754,,bus-cycles:u,1228128,100.00,,
     0.045757511,286231,,instructions:u,1228672,100.00,,
     0.046987834,0,,branch-misses:u,1230592,100.00,,
     0.046987834,14,,cache-misses:u,1230016,100.00,,
     0.046987834,247909,,bus-cycles:u,1231712,100.00,,
     0.046987834,262144,,instructions:u,1231328,100.00,,
     0.048249366,0,,branch-misses:u,1264288,100.00,,
     0.048249366,31,,cache-misses:u,1266304,100.00,,
     0.048249366,289217,,bus-cycles:u,1265088,100.00,,
     0.048249366,309853,,instructions:u,1265024,100.00,,
     0.049486731,0,,branch-misses:u,1234624,100.00,,
     0.049486731,53,,cache-misses:u,1233280,100.00,,
     0.049486731,351528,,bus-cycles:u,1232384,100.00,,
     0.049486731,345507,,instructions:u,1232192,100.00,,
     0.050715582,0,,branch-misses:u,1226976,100.00,,
     0.050715582,9,,cache-misses:u,1225888,100.00,,
     0.050715582,248704,,bus-cycles:u,1226784,100.00,,
     0.050715582,262144,,instructions:u,1226400,100.00,,
     0.051943536,0,,branch-misses:u,1229728,100.00,,
     0.051943536,10,,cache-misses:u,1231552,100.00,,
     0.051943536,247807,,bus-cycles:u,1230912,100.00,,
     0.051943536,262144,,instructions:u,1231840,100.00,,
     0.053181478,0,,branch-misses:u,1235840,100.00,,
     0.053181478,11,,cache-misses:u,1233856,100.00,,
     0.053181478,372975,,bus-cycles:u,1234464,100.00,,
     0.053181478,393216,,instructions:u,1234080,100.00,,
     0.054411321,0,,branch-misses:u,1229408,100.00,,
     0.054411321,8,,cache-misses:u,1229408,100.00,,
     0.054411321,247808,,bus-cycles:u,1229472,100.00,,
     0.054411321,262144,,instructions:u,1229152,100.00,,
     0.055643052,0,,branch-misses:u,1232192,100.00,,
     0.055643052,29,,cache-misses:u,1233888,100.00,,
     0.055643052,258406,,bus-cycles:u,1233792,100.00,,
     0.055643052,262144,,instructions:u,1234464,100.00,,
     0.056876032,0,,branch-misses:u,1234208,100.00,,
     0.056876032,29,,cache-misses:u,1233184,100.00,,
     0.056876032,340181,,bus-cycles:u,1233088,100.00,,
     0.056876032,360973,,instructions:u,1232672,100.00,,
     0.058106644,0,,branch-misses:u,1227808,100.00,,
     0.058106644,51,,cache-misses:u,1226624,100.00,,
     0.058106644,294691,,bus-cycles:u,1226080,100.00,,
     0.058106644,294387,,instructions:u,1226048,100.00,,
     0.059334822,0,,branch-misses:u,1227968,100.00,,
     0.059334822,8,,cache-misses:u,1229664,100.00,,
     0.059334822,248036,,bus-cycles:u,1230400,100.00,,
     0.059334822,262144,,instructions:u,1230336,100.00,,
     0.060565145,0,,branch-misses:u,1230272,100.00,,
     0.060565145,16,,cache-misses:u,1229248,100.00,,
     0.060565145,249262,,bus-cycles:u,1228448,100.00,,
     0.060565145,262144,,instructions:u,1228480,100.00,,
     0.061791595,0,,branch-misses:u,1225728,100.00,,
     0.061791595,15,,cache-misses:u,1225216,100.00,,
     0.061791595,373160,,bus-cycles:u,1225280,100.00,,
     0.061791595,393216,,instructions:u,1225536,100.00,,
     0.063018046,0,,branch-misses:u,1225760,100.00,,
     0.063018046,12,,cache-misses:u,1226976,100.00,,
     0.063018046,247673,,bus-cycles:u,1227392,100.00,,
     0.063018046,262144,,instructions:u,1227232,100.00,,
     0.064247152,0,,branch-misses:u,1231392,100.00,,
     0.064247152,25,,cache-misses:u,1232992,100.00,,
     0.064247152,258059,,bus-cycles:u,1233184,100.00,,
     0.064247152,262144,,instructions:u,1233728,100.00,,
     0.065485190,0,,branch-misses:u,1236704,100.00,,
     0.065485190,9,,cache-misses:u,1236032,100.00,,
     0.065485190,376450,,bus-cycles:u,1235744,100.00,,
     0.065485190,393216,,instructions:u,1234720,100.00,,
     0.066716057,0,,branch-misses:u,1228608,100.00,,
     0.066716057,10,,cache-misses:u,1227584,100.00,,
     0.066716057,253751,,bus-cycles:u,1228416,100.00,,
     0.066716057,262144,,instructions:u,1229216,100.00,,
     0.067946956,0,,branch-misses:u,1232864,100.00,,
     0.067946956,12,,cache-misses:u,1233984,100.00,,
     0.067946956,251110,,bus-cycles:u,1232704,100.00,,
     0.067946956,262144,,instructions:u,1232576,100.00,,
     0.069181441,0,,branch-misses:u,1234816,100.00,,
     0.069181441,27,,cache-misses:u,1233472,100.00,,
     0.069181441,319796,,bus-cycles:u,1233856,100.00,,
     0.069181441,335361,,instructions:u,1233856,100.00,,
     0.070412692,0,,branch-misses:u,1229408,100.00,,
     0.070412692,55,,cache-misses:u,1229568,100.00,,
     0.070412692,320698,,bus-cycles:u,1229824,100.00,,
     0.070412692,319999,,instructions:u,1229952,100.00,,
     0.071664301,0,,branch-misses:u,1251840,100.00,,
     0.071664301,7,,cache-misses:u,1252384,100.00,,
     0.071664301,250508,,bus-cycles:u,1252544,100.00,,
     0.071664301,262144,,instructions:u,1252576,100.00,,
     0.072897921,0,,branch-misses:u,1234048,100.00,,
     0.072897921,41,,cache-misses:u,1233440,100.00,,
     0.072897921,295615,,bus-cycles:u,1233408,100.00,,
     0.072897921,316445,,instructions:u,1233088,100.00,,
     0.074127220,6,,branch-misses:u,1228576,100.00,,
     0.074127220,15514,,cache-misses:u,1228864,100.00,,
     0.074127220,762623,,bus-cycles:u,1228896,100.00,,
     0.074127220,320298,,instructions:u,1229088,100.00,,
     0.075358184,2,,branch-misses:u,1197600,100.00,,
     0.075358184,75588,,cache-misses:u,1197760,100.00,,
     0.075358184,1505146,,bus-cycles:u,1197728,100.00,,
     0.075358184,436042,,instructions:u,1197312,100.00,,
     0.076593756,11,,branch-misses:u,1233632,100.00,,
     0.076593756,163536,,cache-misses:u,1232384,100.00,,
     0.076593756,1632888,,bus-cycles:u,1232192,100.00,,
     0.076593756,978108,,instructions:u,1232256,100.00,,
     0.077823439,4,,branch-misses:u,1229024,100.00,,
     0.077823439,168295,,cache-misses:u,1229120,100.00,,
     0.077823439,1628992,,bus-cycles:u,1229088,100.00,,
     0.077823439,973404,,instructions:u,1228992,100.00,,
     0.079050498,3,,branch-misses:u,1226304,100.00,,
     0.079050498,167085,,cache-misses:u,1226176,100.00,,
     0.079050498,1625363,,bus-cycles:u,1226176,100.00,,
     0.079050498,957510,,instructions:u,1226304,100.00,,
     0.080279060,3,,branch-misses:u,1229056,100.00,,
     0.080279060,168775,,cache-misses:u,1229152,100.00,,
     0.080279060,1615171,,bus-cycles:u,1229216,100.00,,
     0.080279060,981558,,instructions:u,1229216,100.00,,
     0.081506695,4,,branch-misses:u,1226592,100.00,,
     0.081506695,173883,,cache-misses:u,1226592,100.00,,
     0.081506695,1625816,,bus-cycles:u,1226496,100.00,,
     0.081506695,1014248,,instructions:u,1226560,100.00,,
     0.082730872,3,,branch-misses:u,1223456,100.00,,
     0.082730872,175636,,cache-misses:u,1223392,100.00,,
     0.082730872,1622208,,bus-cycles:u,1223424,100.00,,
     0.082730872,1010065,,instructions:u,1223296,100.00,,
     0.083956650,4,,branch-misses:u,1228704,100.00,,
     0.083956650,175724,,cache-misses:u,1229632,100.00,,
     0.083956650,1625897,,bus-cycles:u,1230816,100.00,,
     0.083956650,1022636,,instructions:u,1231840,100.00,,
     0.085241452,3,,branch-misses:u,1282368,100.00,,
     0.085241452,186943,,cache-misses:u,1281696,100.00,,
     0.085241452,1698942,,bus-cycles:u,1280576,100.00,,
     0.085241452,1076053,,instructions:u,1279584,100.00,,
     0.086472224,4,,branch-misses:u,1229536,100.00,,
     0.086472224,177495,,cache-misses:u,1229344,100.00,,
     0.086472224,1629449,,bus-cycles:u,1229344,100.00,,
     0.086472224,1031321,,instructions:u,1229376,100.00,,
     0.087701299,3,,branch-misses:u,1229952,100.00,,
     0.087701299,178435,,cache-misses:u,1230048,100.00,,
     0.087701299,1623354,,bus-cycles:u,1230112,100.00,,
     0.087701299,1029897,,instructions:u,1230080,100.00,,
     0.088942089,4,,branch-misses:u,1239680,100.00,,
     0.088942089,180384,,cache-misses:u,1239712,100.00,,
     0.088942089,1644399,,bus-cycles:u,1239648,100.00,,
     0.088942089,1042651,,instructions:u,1239712,100.00,,
     0.090171452,4,,branch-misses:u,1228736,100.00,,
     0.090171452,180555,,cache-misses:u,1228736,100.00,,
     0.090171452,1629667,,bus-cycles:u,1228704,100.00,,
     0.090171452,1046661,,instructions:u,1228640,100.00,,
     0.091401967,3,,branch-misses:u,1230720,100.00,,
     0.091401967,179479,,cache-misses:u,1230592,100.00,,
     0.091401967,1624262,,bus-cycles:u,1230656,100.00,,
     0.091401967,1050264,,instructions:u,1230656,100.00,,
     0.092632674,8,,branch-misses:u,1230112,100.00,,
     0.092632674,171919,,cache-misses:u,1230208,100.00,,
     0.092632674,1549298,,bus-cycles:u,1230112,100.00,,
     0.092632674,998979,,instructions:u,1230208,100.00,,
     0.093885276,0,,branch-misses:u,1255328,100.00,,
     0.093885276,0,,cache-misses:u,1256768,100.00,,
     0.093885276,0,,bus-cycles:u,1256704,100.00,,
     0.093885276,0,,instructions:u,1256448,100.00,,
     0.094652015,113,,branch-misses:u,665440,100.00,,
     0.094652015,82,,cache-misses:u,657888,100.00,,
     0.094652015,33838,,bus-cycles:u,652128,100.00,,
     0.094652015,1253,,instructions:u,646464,100.00,,
