     0.001084594,0,,branch-misses:u,206080,100.00,,
     0.001084594,0,,cache-misses:u,213440,100.00,,
     0.001084594,130,,bus-cycles:u,217216,100.00,,
     0.001084594,0,,instructions:u,220512,100.00,,
     0.002603492,2417,,branch-misses:u,1513312,100.00,,
     0.002603492,4102,,cache-misses:u,1515616,100.00,,
     0.002603492,334866,,bus-cycles:u,1516448,100.00,,
     0.002603492,160178,,instructions:u,1516448,100.00,,
     0.003815595,0,,branch-misses:u,1210656,100.00,,
     0.003815595,1354,,cache-misses:u,1210560,100.00,,
     0.003815595,161467,,bus-cycles:u,1210208,100.00,,
     0.003815595,164608,,instructions:u,1211328,100.00,,
     0.005050177,0,,branch-misses:u,1232992,100.00,,
     0.005050177,17,,cache-misses:u,1230752,100.00,,
     0.005050177,248378,,bus-cycles:u,1230528,100.00,,
     0.005050177,262144,,instructions:u,1229792,100.00,,
     0.006265417,0,,branch-misses:u,1215520,100.00,,
     0.006265417,11,,cache-misses:u,1213024,100.00,,
     0.006265417,267843,,bus-cycles:u,1212768,100.00,,
     0.006265417,262144,,instructions:u,1213120,100.00,,
     0.007479729,0,,branch-misses:u,1213056,100.00,,
     0.007479729,11,,cache-misses:u,1214080,100.00,,
     0.007479729,250737,,bus-cycles:u,1214304,100.00,,
     0.007479729,262144,,instructions:u,1214560,100.00,,
     0.008692536,0,,branch-misses:u,1214880,100.00,,
     0.008692536,8,,cache-misses:u,1216544,100.00,,
     0.008692536,250877,,bus-cycles:u,1216704,100.00,,
     0.008692536,262144,,instructions:u,1216736,100.00,,
     0.009927214,0,,branch-misses:u,1231232,100.00,,
     0.009927214,41,,cache-misses:u,1229536,100.00,,
     0.009927214,318690,,bus-cycles:u,1229056,100.00,,
     0.009927214,340405,,instructions:u,1228928,100.00,,
     0.011139413,0,,branch-misses:u,1211328,100.00,,
     0.011139413,49,,cache-misses:u,1210816,100.00,,
     0.011139413,309206,,bus-cycles:u,1210752,100.00,,
     0.011139413,314955,,instructions:u,1210144,100.00,,
     0.012351067,0,,branch-misses:u,1211328,100.00,,
     0.012351067,18,,cache-misses:u,1212864,100.00,,
     0.012351067,248370,,bus-cycles:u,1213184,100.00,,
     0.012351067,262144,,instructions:u,1214784,100.00,,
     0.013594166,0,,branch-misses:u,1240736,100.00,,
     0.013594166,6,,cache-misses:u,1240000,100.00,,
     0.013594166,248264,,bus-cycles:u,1240160,100.00,,
     0.013594166,262144,,instructions:u,1239680,100.00,,
     0.014808286,0,,branch-misses:u,1213088,100.00,,
     0.014808286,9,,cache-misses:u,1212576,100.00,,
     0.014808286,253241,,bus-cycles:u,1212384,100.00,,
     0.014808286,262144,,instructions:u,1212832,100.00,,
     0.016024359,0,,branch-misses:u,1215392,100.00,,
     0.016024359,7,,cache-misses:u,1214720,100.00,,
     0.016024359,248244,,bus-cycles:u,1214208,100.00,,
     0.016024359,262144,,instructions:u,1213248,100.00,,
     0.017243346,0,,branch-misses:u,1219680,100.00,,
     0.017243346,6,,cache-misses:u,1220032,100.00,,
     0.017243346,249055,,bus-cycles:u,1220448,100.00,,
     0.017243346,262144,,instructions:u,1220992,100.00,,
     0.018456185,0,,branch-misses:u,1210656,100.00,,
     0.018456185,10,,cache-misses:u,1210496,100.00,,
     0.018456185,247755,,bus-cycles:u,1210624,100.00,,
     0.018456185,262144,,instructions:u,1211072,100.00,,
     0.019667712,0,,branch-misses:u,1210048,100.00,,
     0.019667712,31,,cache-misses:u,1210944,100.00,,
     0.019667712,259759,,bus-cycles:u,1210624,100.00,,
     0.019667712,281001,,instructions:u,1209792,100.00,,
     0.020901397,0,,branch-misses:u,1237440,100.00,,
     0.020901397,73,,cache-misses:u,1238016,100.00,,
     0.020901397,309847,,bus-cycles:u,1238048,100.00,,
     0.020901397,301280,,instructions:u,1237504,100.00,,
     0.022124547,4,,branch-misses:u,1218304,100.00,,
     0.022124547,34008,,cache-misses:u,1217600,100.00,,
     0.022124547,866525,,bus-cycles:u,1217696,100.00,,
     0.022124547,539910,,instructions:u,1217536,100.00,,
     0.023333607,1,,branch-misses:u,1206272,100.00,,
     0.023333607,57889,,cache-misses:u,1204576,100.00,,
     0.023333607,1331477,,bus-cycles:u,1204128,100.00,,
     0.023333607,795321,,instructions:u,1203648,100.00,,
     0.024620512,0,,branch-misses:u,1290752,100.00,,
     0.024620512,54954,,cache-misses:u,1293760,100.00,,
     0.024620512,1395699,,bus-cycles:u,1293952,100.00,,
     0.024620512,833661,,instructions:u,1294496,100.00,,
     0.025855253,0,,branch-misses:u,1229024,100.00,,
     0.025855253,53874,,cache-misses:u,1226848,100.00,,
     0.025855253,1356553,,bus-cycles:u,1227520,100.00,,
     0.025855253,802589,,instructions:u,1227200,100.00,,
     0.027067420,0,,branch-misses:u,1210592,100.00,,
     0.027067420,56978,,cache-misses:u,1209856,100.00,,
     0.027067420,1337408,,bus-cycles:u,1209280,100.00,,
     0.027067420,795595,,instructions:u,1209024,100.00,,
     0.028273086,0,,branch-misses:u,1204544,100.00,,
     0.028273086,53227,,cache-misses:u,1205216,100.00,,
     0.028273086,1302324,,bus-cycles:u,1205024,100.00,,
     0.028273086,770533,,instructions:u,1204992,100.00,,
     0.029477440,0,,branch-misses:u,1203584,100.00,,
     0.029477440,54763,,cache-misses:u,1203648,100.00,,
     0.029477440,1331210,,bus-cycles:u,1203392,100.00,,
     0.029477440,789307,,instructions:u,1203424,100.00,,
     0.030678783,0,,branch-misses:u,1199552,100.00,,
     0.030678783,59309,,cache-misses:u,1199168,100.00,,
     0.030678783,1326714,,bus-cycles:u,1199104,100.00,,
     0.030678783,784624,,instructions:u,1199200,100.00,,
     0.031878942,0,,branch-misses:u,1200384,100.00,,
     0.031878942,47325,,cache-misses:u,1202624,100.00,,
     0.031878942,1201024,,bus-cycles:u,1202816,100.00,,
     0.031878942,708836,,instructions:u,1203200,100.00,,
     0.033080349,0,,branch-misses:u,1199744,100.00,,
     0.033080349,53951,,cache-misses:u,1198080,100.00,,
     0.033080349,1325793,,bus-cycles:u,1197824,100.00,,
     0.033080349,785844,,instructions:u,1197728,100.00,,
     0.034277306,0,,branch-misses:u,1195872,100.00,,
     0.034277306,54588,,cache-misses:u,1195392,100.00,,
     0.034277306,1323483,,bus-cycles:u,1195616,100.00,,
     0.034277306,781240,,instructions:u,1195168,100.00,,
     0.035474967,0,,branch-misses:u,1196640,100.00,,
     0.035474967,54209,,cache-misses:u,1196576,100.00,,
     0.035474967,1324378,,bus-cycles:u,1196384,100.00,,
     0.035474967,794151,,instructions:u,1196352,100.00,,
     0.036673588,2,,branch-misses:u,1198144,100.00,,
     0.036673588,53135,,cache-misses:u,1198304,100.00,,
     0.036673588,1304780,,bus-cycles:u,1198176,100.00,,
     0.036673588,763926,,instructions:u,1198176,100.00,,
     0.037873939,2,,branch-misses:u,1199488,100.00,,
     0.037873939,54361,,cache-misses:u,1199648,100.00,,
     0.037873939,1327998,,bus-cycles:u,1199968,100.00,,
     0.037873939,796158,,instructions:u,1199840,100.00,,
     0.039071056,0,,branch-misses:u,1196448,100.00,,
     0.039071056,52384,,cache-misses:u,1196032,100.00,,
     0.039071056,1323427,,bus-cycles:u,1195904,100.00,,
     0.039071056,794480,,instructions:u,1196544,100.00,,
     0.040272431,0,,branch-misses:u,1200864,100.00,,
     0.040272431,52154,,cache-misses:u,1201024,100.00,,
     0.040272431,1310621,,bus-cycles:u,1200864,100.00,,
     0.040272431,769072,,instructions:u,1200160,100.00,,
     0.041466121,0,,branch-misses:u,1191712,100.00,,
     0.041466121,54507,,cache-misses:u,1190496,100.00,,
     0.041466121,1404242,,bus-cycles:u,1190400,100.00,,
     0.041466121,787779,,instructions:u,1190880,100.00,,
     0.042653407,0,,branch-misses:u,1186688,100.00,,
     0.042653407,59670,,cache-misses:u,1187040,100.00,,
     0.042653407,1400799,,bus-cycles:u,1187136,100.00,,
     0.042653407,788823,,instructions:u,1187040,100.00,,
     0.043841334,0,,branch-misses:u,1187264,100.00,,
     0.043841334,57113,,cache-misses:u,1187936,100.00,,
     0.043841334,1381143,,bus-cycles:u,1187808,100.00,,
     0.043841334,775211,,instructions:u,1188256,100.00,,
     0.045025706,0,,branch-misses:u,1182624,100.00,,
     0.045025706,56299,,cache-misses:u,1181952,100.00,,
     0.045025706,1456985,,bus-cycles:u,1181824,100.00,,
     0.045025706,780642,,instructions:u,1180864,100.00,,
     0.046202521,0,,branch-misses:u,1175840,100.00,,
     0.046202521,54548,,cache-misses:u,1175840,100.00,,
     0.046202521,1476968,,bus-cycles:u,1175904,100.00,,
     0.046202521,778896,,instructions:u,1176288,100.00,,
     0.047455131,0,,branch-misses:u,1254208,100.00,,
     0.047455131,57398,,cache-misses:u,1255104,100.00,,
     0.047455131,1576913,,bus-cycles:u,1255264,100.00,,
     0.047455131,836082,,instructions:u,1254848,100.00,,
     0.048640207,0,,branch-misses:u,1183520,100.00,,
     0.048640207,52173,,cache-misses:u,1183200,100.00,,
     0.048640207,1467761,,bus-cycles:u,1183168,100.00,,
     0.048640207,774346,,instructions:u,1183968,100.00,,
     0.049824675,0,,branch-misses:u,1182688,100.00,,
     0.049824675,55518,,cache-misses:u,1182688,100.00,,
     0.049824675,1484233,,bus-cycles:u,1182560,100.00,,
     0.049824675,797382,,instructions:u,1181856,100.00,,
     0.051005717,2,,branch-misses:u,1180448,100.00,,
     0.051005717,54653,,cache-misses:u,1179840,100.00,,
     0.051005717,1481303,,bus-cycles:u,1179744,100.00,,
     0.051005717,778407,,instructions:u,1179616,100.00,,
     0.052182725,0,,branch-misses:u,1176544,100.00,,
     0.052182725,52409,,cache-misses:u,1176608,100.00,,
     0.052182725,1459221,,bus-cycles:u,1176800,100.00,,
     0.052182725,779580,,instructions:u,1177312,100.00,,
     0.053360148,0,,branch-misses:u,1175648,100.00,,
     0.053360148,53436,,cache-misses:u,1175136,100.00,,
     0.053360148,1560173,,bus-cycles:u,1174912,100.00,,
     0.053360148,792603,,instructions:u,1174560,100.00,,
     0.054534722,0,,branch-misses:u,1173920,100.00,,
     0.054534722,55426,,cache-misses:u,1174176,100.00,,
     0.054534722,1563582,,bus-cycles:u,1174144,100.00,,
     0.054534722,788018,,instructions:u,1173824,100.00,,
     0.055706381,0,,branch-misses:u,1171424,100.00,,
     0.055706381,54760,,cache-misses:u,1171392,100.00,,
     0.055706381,1560139,,bus-cycles:u,1171392,100.00,,
     0.055706381,788130,,instructions:u,1171328,100.00,,
     0.056905900,0,,branch-misses:u,1198880,100.00,,
     0.056905900,54920,,cache-misses:u,1199424,100.00,,
     0.056905900,1581868,,bus-cycles:u,1199584,100.00,,
     0.056905900,798237,,instructions:u,1200160,100.00,,
     0.058081626,0,,branch-misses:u,1174400,100.00,,
     0.058081626,54181,,cache-misses:u,1173760,100.00,,
     0.058081626,1563111,,bus-cycles:u,1173568,100.00,,
     0.058081626,788397,,instructions:u,1173024,100.00,,
     0.059251108,0,,branch-misses:u,1168480,100.00,,
     0.059251108,53926,,cache-misses:u,1168544,100.00,,
     0.059251108,1556552,,bus-cycles:u,1168608,100.00,,
     0.059251108,782346,,instructions:u,1168640,100.00,,
     0.060421999,0,,branch-misses:u,1169792,100.00,,
     0.060421999,52218,,cache-misses:u,1170208,100.00,,
     0.060421999,1541682,,bus-cycles:u,1170208,100.00,,
     0.060421999,775377,,instructions:u,1170208,100.00,,
     0.061592442,0,,branch-misses:u,1170432,100.00,,
     0.061592442,58137,,cache-misses:u,1170400,100.00,,
     0.061592442,1559229,,bus-cycles:u,1170272,100.00,,
     0.061592442,788170,,instructions:u,1170368,100.00,,
     0.062764262,0,,branch-misses:u,1170432,100.00,,
     0.062764262,55489,,cache-misses:u,1170016,100.00,,
     0.062764262,1558762,,bus-cycles:u,1170240,100.00,,
     0.062764262,781340,,instructions:u,1170176,100.00,,
     0.063934673,0,,branch-misses:u,1170784,100.00,,
     0.063934673,57943,,cache-misses:u,1171072,100.00,,
     0.063934673,1544911,,bus-cycles:u,1171072,100.00,,
     0.063934673,787805,,instructions:u,1171040,100.00,,
     0.065106429,2,,branch-misses:u,1170752,100.00,,
     0.065106429,53039,,cache-misses:u,1170432,100.00,,
     0.065106429,1557835,,bus-cycles:u,1170240,100.00,,
     0.065106429,776590,,instructions:u,1170528,100.00,,
     0.066277832,0,,branch-misses:u,1171072,100.00,,
     0.066277832,59382,,cache-misses:u,1171072,100.00,,
     0.066277832,1560032,,bus-cycles:u,1171168,100.00,,
     0.066277832,794875,,instructions:u,1170880,100.00,,
     0.067449524,0,,branch-misses:u,1170528,100.00,,
     0.067449524,54945,,cache-misses:u,1170880,100.00,,
     0.067449524,1559494,,bus-cycles:u,1170976,100.00,,
     0.067449524,794462,,instructions:u,1171008,100.00,,
     0.068690894,0,,branch-misses:u,1242400,100.00,,
     0.068690894,57065,,cache-misses:u,1242720,100.00,,
     0.068690894,1638126,,bus-cycles:u,1242784,100.00,,
     0.068690894,824719,,instructions:u,1242784,100.00,,
     0.069871872,0,,branch-misses:u,1177568,100.00,,
     0.069871872,59737,,cache-misses:u,1176992,100.00,,
     0.069871872,1568807,,bus-cycles:u,1176768,100.00,,
     0.069871872,792158,,instructions:u,1176768,100.00,,
     0.071040746,0,,branch-misses:u,1167840,100.00,,
     0.071040746,57474,,cache-misses:u,1168832,100.00,,
     0.071040746,1557734,,bus-cycles:u,1169056,100.00,,
     0.071040746,787527,,instructions:u,1168928,100.00,,
     0.072210932,0,,branch-misses:u,1169760,100.00,,
     0.072210932,53291,,cache-misses:u,1168992,100.00,,
     0.072210932,1543383,,bus-cycles:u,1168800,100.00,,
     0.072210932,778167,,instructions:u,1168960,100.00,,
     0.073383136,0,,branch-misses:u,1170880,100.00,,
     0.073383136,58427,,cache-misses:u,1170720,100.00,,
     0.073383136,1558187,,bus-cycles:u,1170688,100.00,,
     0.073383136,784570,,instructions:u,1170688,100.00,,
     0.074553035,0,,branch-misses:u,1169152,100.00,,
     0.074553035,54094,,cache-misses:u,1169056,100.00,,
     0.074553035,1557135,,bus-cycles:u,1169280,100.00,,
     0.074553035,782438,,instructions:u,1169216,100.00,,
     0.075722069,0,,branch-misses:u,1167936,100.00,,
     0.075722069,57877,,cache-misses:u,1167936,100.00,,
     0.075722069,1554973,,bus-cycles:u,1167744,100.00,,
     0.075722069,786177,,instructions:u,1167936,100.00,,
     0.076912973,0,,branch-misses:u,1190784,100.00,,
     0.076912973,58247,,cache-misses:u,1191648,100.00,,
     0.076912973,1574097,,bus-cycles:u,1191744,100.00,,
     0.076912973,793719,,instructions:u,1192192,100.00,,
     0.078084985,0,,branch-misses:u,1170336,100.00,,
     0.078084985,54716,,cache-misses:u,1169440,100.00,,
     0.078084985,1557008,,bus-cycles:u,1169376,100.00,,
     0.078084985,796095,,instructions:u,1168736,100.00,,
     0.079253283,2,,branch-misses:u,1168128,100.00,,
     0.079253283,52894,,cache-misses:u,1168352,100.00,,
     0.079253283,1556473,,bus-cycles:u,1168672,100.00,,
     0.079253283,777786,,instructions:u,1168864,100.00,,
     0.080425775,0,,branch-misses:u,1172032,100.00,,
     0.080425775,54488,,cache-misses:u,1171936,100.00,,
     0.080425775,1544201,,bus-cycles:u,1172000,100.00,,
     0.080425775,784165,,instructions:u,1171840,100.00,,
     0.081596890,0,,branch-misses:u,1169760,100.00,,
     0.081596890,54241,,cache-misses:u,1169760,100.00,,
     0.081596890,1556912,,bus-cycles:u,1169312,100.00,,
     0.081596890,794903,,instructions:u,1169504,100.00,,
     0.082764803,0,,branch-misses:u,1166784,100.00,,
     0.082764803,53755,,cache-misses:u,1166592,100.00,,
     0.082764803,1553807,,bus-cycles:u,1166656,100.00,,
     0.082764803,783324,,instructions:u,1166496,100.00,,
     0.083933197,0,,branch-misses:u,1168320,100.00,,
     0.083933197,55317,,cache-misses:u,1168640,100.00,,
     0.083933197,1530113,,bus-cycles:u,1168672,100.00,,
     0.083933197,773077,,instructions:u,1168576,100.00,,
     0.085102679,0,,branch-misses:u,1168192,100.00,,
     0.085102679,55413,,cache-misses:u,1168032,100.00,,
     0.085102679,1554849,,bus-cycles:u,1168000,100.00,,
     0.085102679,786011,,instructions:u,1168000,100.00,,
     0.086269696,0,,branch-misses:u,1166112,100.00,,
     0.086269696,53777,,cache-misses:u,1165920,100.00,,
     0.086269696,1552490,,bus-cycles:u,1166304,100.00,,
     0.086269696,784088,,instructions:u,1166304,100.00,,
     0.087437673,0,,branch-misses:u,1167488,100.00,,
     0.087437673,58481,,cache-misses:u,1167872,100.00,,
     0.087437673,1553608,,bus-cycles:u,1167488,100.00,,
     0.087437673,782726,,instructions:u,1167424,100.00,,
     0.088604433,0,,branch-misses:u,1165664,100.00,,
     0.088604433,53439,,cache-misses:u,1165408,100.00,,
     0.088604433,1534111,,bus-cycles:u,1165344,100.00,,
     0.088604433,770315,,instructions:u,1165536,100.00,,
     0.089771930,0,,branch-misses:u,1166240,100.00,,
     0.089771930,59675,,cache-misses:u,1166048,100.00,,
     0.089771930,1552830,,bus-cycles:u,1166112,100.00,,
     0.089771930,784723,,instructions:u,1165952,100.00,,
     0.091019288,0,,branch-misses:u,1247520,100.00,,
     0.091019288,57973,,cache-misses:u,1247680,100.00,,
     0.091019288,1660633,,bus-cycles:u,1247680,100.00,,
     0.091019288,836199,,instructions:u,1247776,100.00,,
     0.092182782,0,,branch-misses:u,1160352,100.00,,
     0.092182782,54080,,cache-misses:u,1160448,100.00,,
     0.092182782,1531519,,bus-cycles:u,1160544,100.00,,
     0.092182782,778703,,instructions:u,1160672,100.00,,
     0.093338560,1,,branch-misses:u,1155392,100.00,,
     0.093338560,53965,,cache-misses:u,1155104,100.00,,
     0.093338560,1536944,,bus-cycles:u,1155296,100.00,,
     0.093338560,768353,,instructions:u,1155168,100.00,,
     0.094493216,0,,branch-misses:u,1153824,100.00,,
     0.094493216,53525,,cache-misses:u,1153696,100.00,,
     0.094493216,1536526,,bus-cycles:u,1154912,100.00,,
     0.094493216,782542,,instructions:u,1154880,100.00,,
     0.095647232,0,,branch-misses:u,1152416,100.00,,
     0.095647232,53214,,cache-misses:u,1152992,100.00,,
     0.095647232,1532939,,bus-cycles:u,1151552,100.00,,
     0.095647232,782820,,instructions:u,1151648,100.00,,
     0.096801920,0,,branch-misses:u,1154304,100.00,,
     0.096801920,53989,,cache-misses:u,1153568,100.00,,
     0.096801920,1521500,,bus-cycles:u,1153536,100.00,,
     0.096801920,762997,,instructions:u,1153440,100.00,,
     0.097956769,0,,branch-misses:u,1153600,100.00,,
     0.097956769,54173,,cache-misses:u,1153888,100.00,,
     0.097956769,1535824,,bus-cycles:u,1153824,100.00,,
     0.097956769,778571,,instructions:u,1153824,100.00,,
     0.099108671,0,,branch-misses:u,1151072,100.00,,
     0.099108671,53392,,cache-misses:u,1150880,100.00,,
     0.099108671,1531485,,bus-cycles:u,1150976,100.00,,
     0.099108671,775212,,instructions:u,1150944,100.00,,
     0.100261022,0,,branch-misses:u,1152384,100.00,,
     0.100261022,52627,,cache-misses:u,1152576,100.00,,
     0.100261022,1520105,,bus-cycles:u,1152480,100.00,,
     0.100261022,766035,,instructions:u,1152704,100.00,,
     0.101414333,0,,branch-misses:u,1151744,100.00,,
     0.101414333,54297,,cache-misses:u,1151488,100.00,,
     0.101414333,1533044,,bus-cycles:u,1151552,100.00,,
     0.101414333,773811,,instructions:u,1151360,100.00,,
     0.102565468,0,,branch-misses:u,1150080,100.00,,
     0.102565468,52912,,cache-misses:u,1150176,100.00,,
     0.102565468,1530604,,bus-cycles:u,1150016,100.00,,
     0.102565468,767871,,instructions:u,1150080,100.00,,
     0.103716313,0,,branch-misses:u,1150176,100.00,,
     0.103716313,57102,,cache-misses:u,1150016,100.00,,
     0.103716313,1531275,,bus-cycles:u,1150112,100.00,,
     0.103716313,779940,,instructions:u,1150144,100.00,,
     0.104886212,0,,branch-misses:u,1170528,100.00,,
     0.104886212,53282,,cache-misses:u,1172032,100.00,,
     0.104886212,1505208,,bus-cycles:u,1172736,100.00,,
     0.104886212,781434,,instructions:u,1172672,100.00,,
     0.106042661,0,,branch-misses:u,1154688,100.00,,
     0.106042661,56850,,cache-misses:u,1153152,100.00,,
     0.106042661,1534198,,bus-cycles:u,1152384,100.00,,
     0.106042661,784863,,instructions:u,1152416,100.00,,
     0.107193988,1,,branch-misses:u,1150240,100.00,,
     0.107193988,55370,,cache-misses:u,1150976,100.00,,
     0.107193988,1532634,,bus-cycles:u,1151104,100.00,,
     0.107193988,770077,,instructions:u,1151040,100.00,,
     0.108345890,0,,branch-misses:u,1151808,100.00,,
     0.108345890,54914,,cache-misses:u,1151328,100.00,,
     0.108345890,1517613,,bus-cycles:u,1151264,100.00,,
     0.108345890,775692,,instructions:u,1151328,100.00,,
     0.109498657,0,,branch-misses:u,1151104,100.00,,
     0.109498657,53352,,cache-misses:u,1150560,100.00,,
     0.109498657,1533081,,bus-cycles:u,1150656,100.00,,
     0.109498657,783311,,instructions:u,1150624,100.00,,
     0.110650015,0,,branch-misses:u,1150688,100.00,,
     0.110650015,54933,,cache-misses:u,1151072,100.00,,
     0.110650015,1532584,,bus-cycles:u,1150976,100.00,,
     0.110650015,778572,,instructions:u,1151072,100.00,,
     0.111856226,0,,branch-misses:u,1207264,100.00,,
     0.111856226,57820,,cache-misses:u,1207680,100.00,,
     0.111856226,1595659,,bus-cycles:u,1207712,100.00,,
     0.111856226,813330,,instructions:u,1207744,100.00,,
     0.113013284,0,,branch-misses:u,1154816,100.00,,
     0.113013284,57713,,cache-misses:u,1154528,100.00,,
     0.113013284,1538101,,bus-cycles:u,1154400,100.00,,
     0.113013284,778576,,instructions:u,1154336,100.00,,
     0.114165347,0,,branch-misses:u,1151424,100.00,,
     0.114165347,54496,,cache-misses:u,1151488,100.00,,
     0.114165347,1533260,,bus-cycles:u,1151616,100.00,,
     0.114165347,776763,,instructions:u,1151552,100.00,,
     0.115316993,0,,branch-misses:u,1150720,100.00,,
     0.115316993,57532,,cache-misses:u,1150944,100.00,,
     0.115316993,1532524,,bus-cycles:u,1150912,100.00,,
     0.115316993,777839,,instructions:u,1150976,100.00,,
     0.116469472,0,,branch-misses:u,1152064,100.00,,
     0.116469472,52935,,cache-misses:u,1152192,100.00,,
     0.116469472,1521612,,bus-cycles:u,1152160,100.00,,
     0.116469472,767700,,instructions:u,1152064,100.00,,
     0.117623360,0,,branch-misses:u,1152640,100.00,,
     0.117623360,54180,,cache-misses:u,1152256,100.00,,
     0.117623360,1533706,,bus-cycles:u,1152192,100.00,,
     0.117623360,785844,,instructions:u,1152256,100.00,,
     0.118774622,0,,branch-misses:u,1150720,100.00,,
     0.118774622,56491,,cache-misses:u,1151104,100.00,,
     0.118774622,1532366,,bus-cycles:u,1151264,100.00,,
     0.118774622,798831,,instructions:u,1151200,100.00,,
     0.119927293,0,,branch-misses:u,1152160,100.00,,
     0.119927293,56055,,cache-misses:u,1151840,100.00,,
     0.119927293,1521383,,bus-cycles:u,1151712,100.00,,
     0.119927293,781528,,instructions:u,1151680,100.00,,
     0.121080092,1,,branch-misses:u,1151680,100.00,,
     0.121080092,53020,,cache-misses:u,1151360,100.00,,
     0.121080092,1532878,,bus-cycles:u,1151520,100.00,,
     0.121080092,776189,,instructions:u,1151776,100.00,,
     0.122231418,0,,branch-misses:u,1150880,100.00,,
     0.122231418,57576,,cache-misses:u,1150624,100.00,,
     0.122231418,1531608,,bus-cycles:u,1150592,100.00,,
     0.122231418,785655,,instructions:u,1150400,100.00,,
     0.123382712,0,,branch-misses:u,1149728,100.00,,
     0.123382712,53176,,cache-misses:u,1149952,100.00,,
     0.123382712,1530966,,bus-cycles:u,1149952,100.00,,
     0.123382712,785902,,instructions:u,1149952,100.00,,
     0.124533014,0,,branch-misses:u,1150496,100.00,,
     0.124533014,52426,,cache-misses:u,1150944,100.00,,
     0.124533014,1519649,,bus-cycles:u,1150848,100.00,,
     0.124533014,776507,,instructions:u,1150816,100.00,,
     0.125685909,0,,branch-misses:u,1151616,100.00,,
     0.125685909,58639,,cache-misses:u,1151424,100.00,,
     0.125685909,1532748,,bus-cycles:u,1151488,100.00,,
     0.125685909,781002,,instructions:u,1151488,100.00,,
     0.126836915,0,,branch-misses:u,1149824,100.00,,
     0.126836915,57162,,cache-misses:u,1149632,100.00,,
     0.126836915,1530018,,bus-cycles:u,1149600,100.00,,
     0.126836915,781249,,instructions:u,1149600,100.00,,
     0.127989041,0,,branch-misses:u,1152192,100.00,,
     0.127989041,56357,,cache-misses:u,1152256,100.00,,
     0.127989041,1522345,,bus-cycles:u,1152288,100.00,,
     0.127989041,773343,,instructions:u,1152288,100.00,,
     0.129140592,0,,branch-misses:u,1150464,100.00,,
     0.129140592,56533,,cache-misses:u,1150528,100.00,,
     0.129140592,1531739,,bus-cycles:u,1150496,100.00,,
     0.129140592,779360,,instructions:u,1150464,100.00,,
     0.130291502,0,,branch-misses:u,1150080,100.00,,
     0.130291502,53202,,cache-misses:u,1150176,100.00,,
     0.130291502,1531467,,bus-cycles:u,1150240,100.00,,
     0.130291502,775287,,instructions:u,1150560,100.00,,
     0.131442764,0,,branch-misses:u,1150464,100.00,,
     0.131442764,54436,,cache-misses:u,1150592,100.00,,
     0.131442764,1531016,,bus-cycles:u,1150560,100.00,,
     0.131442764,783585,,instructions:u,1150272,100.00,,
     0.132593866,0,,branch-misses:u,1150816,100.00,,
     0.132593866,55324,,cache-misses:u,1150912,100.00,,
     0.132593866,1518532,,bus-cycles:u,1150912,100.00,,
     0.132593866,792153,,instructions:u,1150976,100.00,,
     0.133802990,0,,branch-misses:u,1208864,100.00,,
     0.133802990,58565,,cache-misses:u,1209312,100.00,,
     0.133802990,1610667,,bus-cycles:u,1209376,100.00,,
     0.133802990,830079,,instructions:u,1209632,100.00,,
     0.134957807,1,,branch-misses:u,1153504,100.00,,
     0.134957807,57570,,cache-misses:u,1153312,100.00,,
     0.134957807,1535334,,bus-cycles:u,1153280,100.00,,
     0.134957807,778677,,instructions:u,1152992,100.00,,
     0.136110542,0,,branch-misses:u,1152064,100.00,,
     0.136110542,52433,,cache-misses:u,1151360,100.00,,
     0.136110542,1520736,,bus-cycles:u,1151328,100.00,,
     0.136110542,782199,,instructions:u,1151584,100.00,,
     0.137264686,0,,branch-misses:u,1152736,100.00,,
     0.137264686,53430,,cache-misses:u,1153728,100.00,,
     0.137264686,1536438,,bus-cycles:u,1153728,100.00,,
     0.137264686,793566,,instructions:u,1153568,100.00,,
     0.138422224,0,,branch-misses:u,1157088,100.00,,
     0.138422224,52919,,cache-misses:u,1156576,100.00,,
     0.138422224,1539497,,bus-cycles:u,1156544,100.00,,
     0.138422224,789300,,instructions:u,1156416,100.00,,
     0.139574447,0,,branch-misses:u,1151360,100.00,,
     0.139574447,56792,,cache-misses:u,1151360,100.00,,
     0.139574447,1532160,,bus-cycles:u,1151456,100.00,,
     0.139574447,784903,,instructions:u,1151552,100.00,,
     0.140726734,0,,branch-misses:u,1151808,100.00,,
     0.140726734,52507,,cache-misses:u,1152000,100.00,,
     0.140726734,1523050,,bus-cycles:u,1151872,100.00,,
     0.140726734,780134,,instructions:u,1151904,100.00,,
     0.141881006,0,,branch-misses:u,1152928,100.00,,
     0.141881006,65703,,cache-misses:u,1152000,100.00,,
     0.141881006,1534934,,bus-cycles:u,1152064,100.00,,
     0.141881006,896598,,instructions:u,1151936,100.00,,
     0.143032684,0,,branch-misses:u,1151040,100.00,,
     0.143032684,97026,,cache-misses:u,1151328,100.00,,
     0.143032684,1533237,,bus-cycles:u,1151264,100.00,,
     0.143032684,1329767,,instructions:u,1151264,100.00,,
     0.144185483,0,,branch-misses:u,1152576,100.00,,
     0.144185483,87000,,cache-misses:u,1153024,100.00,,
     0.144185483,1524757,,bus-cycles:u,1153056,100.00,,
     0.144185483,1335911,,instructions:u,1153120,100.00,,
     0.145339659,0,,branch-misses:u,1153056,100.00,,
     0.145339659,88365,,cache-misses:u,1152608,100.00,,
     0.145339659,1534880,,bus-cycles:u,1152704,100.00,,
     0.145339659,1355562,,instructions:u,1152672,100.00,,
     0.146492202,1,,branch-misses:u,1151968,100.00,,
     0.146492202,88572,,cache-misses:u,1152000,100.00,,
     0.146492202,1532326,,bus-cycles:u,1151904,100.00,,
     0.146492202,1335516,,instructions:u,1151840,100.00,,
     0.147642984,0,,branch-misses:u,1149472,100.00,,
     0.147642984,83172,,cache-misses:u,1149184,100.00,,
     0.147642984,1529039,,bus-cycles:u,1149184,100.00,,
     0.147642984,1337400,,instructions:u,1149216,100.00,,
     0.148793670,0,,branch-misses:u,1150688,100.00,,
     0.148793670,92846,,cache-misses:u,1150688,100.00,,
     0.148793670,1520443,,bus-cycles:u,1150688,100.00,,
     0.148793670,1325952,,instructions:u,1150720,100.00,,
     0.149946469,0,,branch-misses:u,1151488,100.00,,
     0.149946469,87061,,cache-misses:u,1151552,100.00,,
     0.149946469,1532190,,bus-cycles:u,1151552,100.00,,
     0.149946469,1332873,,instructions:u,1151552,100.00,,
     0.151097379,0,,branch-misses:u,1150144,100.00,,
     0.151097379,91512,,cache-misses:u,1150368,100.00,,
     0.151097379,1530152,,bus-cycles:u,1150336,100.00,,
     0.151097379,1330641,,instructions:u,1150336,100.00,,
     0.152249473,0,,branch-misses:u,1151552,100.00,,
     0.152249473,87327,,cache-misses:u,1151232,100.00,,
     0.152249473,1521786,,bus-cycles:u,1151264,100.00,,
     0.152249473,1333575,,instructions:u,1151232,100.00,,
     0.153401920,0,,branch-misses:u,1151456,100.00,,
     0.153401920,95018,,cache-misses:u,1151488,100.00,,
     0.153401920,1532384,,bus-cycles:u,1151424,100.00,,
     0.153401920,1354994,,instructions:u,1151424,100.00,,
     0.154589046,1,,branch-misses:u,1187232,100.00,,
     0.154589046,91431,,cache-misses:u,1187360,100.00,,
     0.154589046,1580163,,bus-cycles:u,1187392,100.00,,
     0.154589046,1378807,,instructions:u,1187456,100.00,,
     0.155744663,0,,branch-misses:u,1153888,100.00,,
     0.155744663,89492,,cache-misses:u,1166912,100.00,,
     0.155744663,1544590,,bus-cycles:u,1167104,100.00,,
     0.155744663,1353226,,instructions:u,1166944,100.00,,
     0.156913313,0,,branch-misses:u,1168160,100.00,,
     0.156913313,94426,,cache-misses:u,1155104,100.00,,
     0.156913313,1536781,,bus-cycles:u,1154944,100.00,,
     0.156913313,1339439,,instructions:u,1155008,100.00,,
     0.158065087,0,,branch-misses:u,1150688,100.00,,
     0.158065087,95595,,cache-misses:u,1150368,100.00,,
     0.158065087,1530377,,bus-cycles:u,1150304,100.00,,
     0.158065087,1330173,,instructions:u,1150304,100.00,,
     0.159216285,0,,branch-misses:u,1150400,100.00,,
     0.159216285,92006,,cache-misses:u,1150400,100.00,,
     0.159216285,1530162,,bus-cycles:u,1150400,100.00,,
     0.159216285,1331766,,instructions:u,1150368,100.00,,
     0.160368060,0,,branch-misses:u,1151584,100.00,,
     0.160368060,87609,,cache-misses:u,1151552,100.00,,
     0.160368060,1522090,,bus-cycles:u,1151744,100.00,,
     0.160368060,1329755,,instructions:u,1151744,100.00,,
     0.161520347,0,,branch-misses:u,1150848,100.00,,
     0.161520347,93314,,cache-misses:u,1150944,100.00,,
     0.161520347,1530489,,bus-cycles:u,1150816,100.00,,
     0.161520347,1351579,,instructions:u,1150880,100.00,,
     0.162670584,1,,branch-misses:u,1149568,100.00,,
     0.162670584,82047,,cache-misses:u,1149504,100.00,,
     0.162670584,1528569,,bus-cycles:u,1149472,100.00,,
     0.162670584,1332888,,instructions:u,1149440,100.00,,
     0.163820373,0,,branch-misses:u,1149376,100.00,,
     0.163820373,91711,,cache-misses:u,1149696,100.00,,
     0.163820373,1518386,,bus-cycles:u,1149696,100.00,,
     0.163820373,1329129,,instructions:u,1149696,100.00,,
     0.164981658,0,,branch-misses:u,1163520,100.00,,
     0.164981658,99666,,cache-misses:u,1165248,100.00,,
     0.164981658,1550968,,bus-cycles:u,1165856,100.00,,
     0.164981658,1349078,,instructions:u,1166528,100.00,,
     0.166186043,0,,branch-misses:u,1201248,100.00,,
     0.166186043,98198,,cache-misses:u,1200128,100.00,,
     0.166186043,1595879,,bus-cycles:u,1199648,100.00,,
     0.166186043,1386337,,instructions:u,1199392,100.00,,
     0.167343037,0,,branch-misses:u,1155648,100.00,,
     0.167343037,88266,,cache-misses:u,1154944,100.00,,
     0.167343037,1536845,,bus-cycles:u,1154848,100.00,,
     0.167343037,1334664,,instructions:u,1154464,100.00,,
     0.168495997,0,,branch-misses:u,1152320,100.00,,
     0.168495997,87407,,cache-misses:u,1152576,100.00,,
     0.168495997,1502850,,bus-cycles:u,1152480,100.00,,
     0.168495997,1311926,,instructions:u,1152544,100.00,,
     0.169647963,0,,branch-misses:u,1150528,100.00,,
     0.169647963,89848,,cache-misses:u,1150080,100.00,,
     0.169647963,1530236,,bus-cycles:u,1150144,100.00,,
     0.169647963,1346197,,instructions:u,1150016,100.00,,
     0.170796471,1,,branch-misses:u,1147840,100.00,,
     0.170796471,94271,,cache-misses:u,1147904,100.00,,
     0.170796471,1526799,,bus-cycles:u,1147808,100.00,,
     0.170796471,1328910,,instructions:u,1147904,100.00,,
     0.171946068,0,,branch-misses:u,1149152,100.00,,
     0.171946068,86198,,cache-misses:u,1149088,100.00,,
     0.171946068,1516066,,bus-cycles:u,1149184,100.00,,
     0.171946068,1320786,,instructions:u,1149152,100.00,,
     0.173095633,0,,branch-misses:u,1148256,100.00,,
     0.173095633,87070,,cache-misses:u,1148384,100.00,,
     0.173095633,1529224,,bus-cycles:u,1148416,100.00,,
     0.173095633,1329228,,instructions:u,1148352,100.00,,
     0.174249233,0,,branch-misses:u,1153344,100.00,,
     0.174249233,89648,,cache-misses:u,1153632,100.00,,
     0.174249233,1536411,,bus-cycles:u,1153568,100.00,,
     0.174249233,1332557,,instructions:u,1153696,100.00,,
     0.175461176,0,,branch-misses:u,1211872,100.00,,
     0.175461176,101454,,cache-misses:u,1212096,100.00,,
     0.175461176,1614812,,bus-cycles:u,1212544,100.00,,
     0.175461176,1400077,,instructions:u,1212640,100.00,,
     0.176615640,0,,branch-misses:u,1153472,100.00,,
     0.176615640,85841,,cache-misses:u,1153504,100.00,,
     0.176615640,1522551,,bus-cycles:u,1153120,100.00,,
     0.176615640,1326015,,instructions:u,1152960,100.00,,
     0.177767222,0,,branch-misses:u,1149888,100.00,,
     0.177767222,99749,,cache-misses:u,1149440,100.00,,
     0.177767222,1530594,,bus-cycles:u,1149472,100.00,,
     0.177767222,1347156,,instructions:u,1149344,100.00,,
     0.178915058,1,,branch-misses:u,1146912,100.00,,
     0.178915058,87468,,cache-misses:u,1146752,100.00,,
     0.178915058,1527354,,bus-cycles:u,1146688,100.00,,
     0.178915058,1329747,,instructions:u,1146784,100.00,,
     0.180063918,0,,branch-misses:u,1149568,100.00,,
     0.180063918,85682,,cache-misses:u,1150048,100.00,,
     0.180063918,1512389,,bus-cycles:u,1150080,100.00,,
     0.180063918,1319864,,instructions:u,1150176,100.00,,
     0.181216365,0,,branch-misses:u,1150560,100.00,,
     0.181216365,94824,,cache-misses:u,1150240,100.00,,
     0.181216365,1530745,,bus-cycles:u,1150144,100.00,,
     0.181216365,1333732,,instructions:u,1150080,100.00,,
     0.182364809,0,,branch-misses:u,1147552,100.00,,
     0.182364809,89213,,cache-misses:u,1147488,100.00,,
     0.182364809,1527873,,bus-cycles:u,1147456,100.00,,
     0.182364809,1323801,,instructions:u,1147456,100.00,,
     0.183513190,0,,branch-misses:u,1147328,100.00,,
     0.183513190,86855,,cache-misses:u,1147232,100.00,,
     0.183513190,1527294,,bus-cycles:u,1147392,100.00,,
     0.183513190,1329021,,instructions:u,1147296,100.00,,
     0.184661442,0,,branch-misses:u,1148128,100.00,,
     0.184661442,86979,,cache-misses:u,1148160,100.00,,
     0.184661442,1516750,,bus-cycles:u,1148032,100.00,,
     0.184661442,1319535,,instructions:u,1148160,100.00,,
     0.185811583,0,,branch-misses:u,1149024,100.00,,
     0.185811583,100370,,cache-misses:u,1149088,100.00,,
     0.185811583,1529454,,bus-cycles:u,1149056,100.00,,
     0.185811583,1348493,,instructions:u,1149120,100.00,,
     0.186959579,1,,branch-misses:u,1147072,100.00,,
     0.186959579,88931,,cache-misses:u,1146944,100.00,,
     0.186959579,1526967,,bus-cycles:u,1147072,100.00,,
     0.186959579,1327915,,instructions:u,1146880,100.00,,
     0.188107511,0,,branch-misses:u,1147968,100.00,,
     0.188107511,84303,,cache-misses:u,1148128,100.00,,
     0.188107511,1517724,,bus-cycles:u,1148096,100.00,,
     0.188107511,1326879,,instructions:u,1148160,100.00,,
     0.189257364,0,,branch-misses:u,1148928,100.00,,
     0.189257364,88656,,cache-misses:u,1149472,100.00,,
     0.189257364,1530523,,bus-cycles:u,1149600,100.00,,
     0.189257364,1332216,,instructions:u,1149600,100.00,,
     0.190410291,0,,branch-misses:u,1151616,100.00,,
     0.190410291,89369,,cache-misses:u,1150944,100.00,,
     0.190410291,1532452,,bus-cycles:u,1150784,100.00,,
     0.190410291,1332063,,instructions:u,1150880,100.00,,
     0.191559184,0,,branch-misses:u,1147840,100.00,,
     0.191559184,96405,,cache-misses:u,1148000,100.00,,
     0.191559184,1528033,,bus-cycles:u,1148000,100.00,,
     0.191559184,1328663,,instructions:u,1148000,100.00,,
     0.192707980,0,,branch-misses:u,1148832,100.00,,
     0.192707980,92038,,cache-misses:u,1149024,100.00,,
     0.192707980,1518656,,bus-cycles:u,1149056,100.00,,
     0.192707980,1319758,,instructions:u,1148928,100.00,,
     0.193858538,0,,branch-misses:u,1148928,100.00,,
     0.193858538,96027,,cache-misses:u,1148704,100.00,,
     0.193858538,1528063,,bus-cycles:u,1148704,100.00,,
     0.193858538,1342562,,instructions:u,1148800,100.00,,
     0.195006950,1,,branch-misses:u,1147840,100.00,,
     0.195006950,93898,,cache-misses:u,1147776,100.00,,
     0.195006950,1527582,,bus-cycles:u,1147776,100.00,,
     0.195006950,1332712,,instructions:u,1147680,100.00,,
     0.196156035,0,,branch-misses:u,1148960,100.00,,
     0.196156035,83896,,cache-misses:u,1148960,100.00,,
     0.196156035,1519780,,bus-cycles:u,1148960,100.00,,
     0.196156035,1327428,,instructions:u,1149024,100.00,,
     0.197347227,0,,branch-misses:u,1191328,100.00,,
     0.197347227,92928,,cache-misses:u,1192064,100.00,,
     0.197347227,1586899,,bus-cycles:u,1192128,100.00,,
     0.197347227,1383638,,instructions:u,1192032,100.00,,
     0.198499130,0,,branch-misses:u,1149920,100.00,,
     0.198499130,97061,,cache-misses:u,1149312,100.00,,
     0.198499130,1529380,,bus-cycles:u,1149216,100.00,,
     0.198499130,1330785,,instructions:u,1149312,100.00,,
     0.199647958,0,,branch-misses:u,1147904,100.00,,
     0.199647958,93284,,cache-misses:u,1147808,100.00,,
     0.199647958,1527867,,bus-cycles:u,1147872,100.00,,
     0.199647958,1330690,,instructions:u,1147904,100.00,,
     0.200796915,0,,branch-misses:u,1148768,100.00,,
     0.200796915,83608,,cache-misses:u,1148672,100.00,,
     0.200796915,1519204,,bus-cycles:u,1148544,100.00,,
     0.200796915,1322577,,instructions:u,1148544,100.00,,
     0.201946576,0,,branch-misses:u,1148576,100.00,,
     0.201946576,92234,,cache-misses:u,1148608,100.00,,
     0.201946576,1528929,,bus-cycles:u,1148736,100.00,,
     0.201946576,1342539,,instructions:u,1148768,100.00,,
     0.203095373,1,,branch-misses:u,1147808,100.00,,
     0.203095373,85634,,cache-misses:u,1147872,100.00,,
     0.203095373,1528630,,bus-cycles:u,1148128,100.00,,
     0.203095373,1335084,,instructions:u,1148096,100.00,,
     0.204244073,0,,branch-misses:u,1148416,100.00,,
     0.204244073,87404,,cache-misses:u,1148608,100.00,,
     0.204244073,1519296,,bus-cycles:u,1148288,100.00,,
     0.204244073,1328310,,instructions:u,1148256,100.00,,
     0.205393670,0,,branch-misses:u,1148448,100.00,,
     0.205393670,86028,,cache-misses:u,1148128,100.00,,
     0.205393670,1529231,,bus-cycles:u,1148128,100.00,,
     0.205393670,1331996,,instructions:u,1148192,100.00,,
     0.206541890,0,,branch-misses:u,1147136,100.00,,
     0.206541890,92121,,cache-misses:u,1147168,100.00,,
     0.206541890,1527492,,bus-cycles:u,1147232,100.00,,
     0.206541890,1328872,,instructions:u,1147104,100.00,,
     0.207689726,0,,branch-misses:u,1147296,100.00,,
     0.207689726,92436,,cache-misses:u,1147360,100.00,,
     0.207689726,1527618,,bus-cycles:u,1147296,100.00,,
     0.207689726,1328811,,instructions:u,1147392,100.00,,
     0.208857031,0,,branch-misses:u,1166976,100.00,,
     0.208857031,92679,,cache-misses:u,1167168,100.00,,
     0.208857031,1543981,,bus-cycles:u,1167200,100.00,,
     0.208857031,1343541,,instructions:u,1167136,100.00,,
     0.210006115,0,,branch-misses:u,1147776,100.00,,
     0.210006115,92217,,cache-misses:u,1147424,100.00,,
     0.210006115,1527830,,bus-cycles:u,1147456,100.00,,
     0.210006115,1343097,,instructions:u,1147456,100.00,,
     0.211154239,1,,branch-misses:u,1147264,100.00,,
     0.211154239,80808,,cache-misses:u,1147360,100.00,,
     0.211154239,1527916,,bus-cycles:u,1147232,100.00,,
     0.211154239,1334679,,instructions:u,1147232,100.00,,
     0.212302139,0,,branch-misses:u,1147872,100.00,,
     0.212302139,85376,,cache-misses:u,1147872,100.00,,
     0.212302139,1518162,,bus-cycles:u,1148000,100.00,,
     0.212302139,1331703,,instructions:u,1147968,100.00,,
     0.213451832,0,,branch-misses:u,1148288,100.00,,
     0.213451832,83698,,cache-misses:u,1148256,100.00,,
     0.213451832,1529291,,bus-cycles:u,1148192,100.00,,
     0.213451832,1331244,,instructions:u,1148224,100.00,,
     0.214600020,0,,branch-misses:u,1147072,100.00,,
     0.214600020,95774,,cache-misses:u,1147104,100.00,,
     0.214600020,1526806,,bus-cycles:u,1147104,100.00,,
     0.214600020,1331388,,instructions:u,1147104,100.00,,
     0.215747760,0,,branch-misses:u,1155936,100.00,,
     0.215747760,89636,,cache-misses:u,1157088,100.00,,
     0.215747760,1529820,,bus-cycles:u,1157184,100.00,,
     0.215747760,1332702,,instructions:u,1157152,100.00,,
     0.216911382,0,,branch-misses:u,1154976,100.00,,
     0.216911382,91521,,cache-misses:u,1153856,100.00,,
     0.216911382,1536481,,bus-cycles:u,1153760,100.00,,
     0.216911382,1338777,,instructions:u,1153728,100.00,,
     0.218112758,0,,branch-misses:u,1201376,100.00,,
     0.218112758,100603,,cache-misses:u,1202208,100.00,,
     0.218112758,1600904,,bus-cycles:u,1202304,100.00,,
     0.218112758,1407393,,instructions:u,1202496,100.00,,
     0.219265621,1,,branch-misses:u,1150592,100.00,,
     0.219265621,85249,,cache-misses:u,1149760,100.00,,
     0.219265621,1530555,,bus-cycles:u,1149696,100.00,,
     0.219265621,1338387,,instructions:u,1149600,100.00,,
     0.220413169,0,,branch-misses:u,1147712,100.00,,
     0.220413169,87985,,cache-misses:u,1147680,100.00,,
     0.220413169,1517752,,bus-cycles:u,1147648,100.00,,
     0.220413169,1329377,,instructions:u,1147680,100.00,,
     0.221563406,0,,branch-misses:u,1148736,100.00,,
     0.221563406,84920,,cache-misses:u,1148640,100.00,,
     0.221563406,1529100,,bus-cycles:u,1148608,100.00,,
     0.221563406,1335208,,instructions:u,1148576,100.00,,
     0.222711306,0,,branch-misses:u,1146656,100.00,,
     0.222711306,89909,,cache-misses:u,1146688,100.00,,
     0.222711306,1526274,,bus-cycles:u,1146752,100.00,,
     0.222711306,1331325,,instructions:u,1146752,100.00,,
     0.223859334,0,,branch-misses:u,1147968,100.00,,
     0.223859334,88870,,cache-misses:u,1148096,100.00,,
     0.223859334,1517418,,bus-cycles:u,1148096,100.00,,
     0.223859334,1321938,,instructions:u,1148096,100.00,,
     0.225008803,0,,branch-misses:u,1147968,100.00,,
     0.225008803,98849,,cache-misses:u,1147936,100.00,,
     0.225008803,1528172,,bus-cycles:u,1147936,100.00,,
     0.225008803,1331577,,instructions:u,1147808,100.00,,
     0.226156831,0,,branch-misses:u,1147360,100.00,,
     0.226156831,96286,,cache-misses:u,1147264,100.00,,
     0.226156831,1526306,,bus-cycles:u,1147264,100.00,,
     0.226156831,1343750,,instructions:u,1147392,100.00,,
     0.227304891,1,,branch-misses:u,1147264,100.00,,
     0.227304891,89278,,cache-misses:u,1147360,100.00,,
     0.227304891,1527305,,bus-cycles:u,1147264,100.00,,
     0.227304891,1338769,,instructions:u,1147168,100.00,,
     0.228453079,0,,branch-misses:u,1147776,100.00,,
     0.228453079,83178,,cache-misses:u,1147680,100.00,,
     0.228453079,1517532,,bus-cycles:u,1147776,100.00,,
     0.228453079,1329237,,instructions:u,1147840,100.00,,
     0.229601907,0,,branch-misses:u,1147680,100.00,,
     0.229601907,84756,,cache-misses:u,1147872,100.00,,
     0.229601907,1526913,,bus-cycles:u,1147808,100.00,,
     0.229601907,1332549,,instructions:u,1147744,100.00,,
     0.230749679,0,,branch-misses:u,1147008,100.00,,
     0.230749679,93544,,cache-misses:u,1147296,100.00,,
     0.230749679,1527983,,bus-cycles:u,1147808,100.00,,
     0.230749679,1334642,,instructions:u,1148032,100.00,,
     0.231898123,0,,branch-misses:u,1148224,100.00,,
     0.231898123,90407,,cache-misses:u,1147744,100.00,,
     0.231898123,1516763,,bus-cycles:u,1147296,100.00,,
     0.231898123,1321686,,instructions:u,1147168,100.00,,
     0.233047528,0,,branch-misses:u,1148128,100.00,,
     0.233047528,69897,,cache-misses:u,1148256,100.00,,
     0.233047528,1528451,,bus-cycles:u,1148128,100.00,,
     0.233047528,1327729,,instructions:u,1148096,100.00,,
     0.234195172,0,,branch-misses:u,1146880,100.00,,
     0.234195172,92582,,cache-misses:u,1146752,100.00,,
     0.234195172,1527170,,bus-cycles:u,1146912,100.00,,
     0.234195172,1342769,,instructions:u,1146912,100.00,,
     0.235342815,1,,branch-misses:u,1147136,100.00,,
     0.235342815,87988,,cache-misses:u,1147072,100.00,,
     0.235342815,1527441,,bus-cycles:u,1147008,100.00,,
     0.235342815,1337374,,instructions:u,1147008,100.00,,
     0.236490651,0,,branch-misses:u,1147744,100.00,,
     0.236490651,90139,,cache-misses:u,1148256,100.00,,
     0.236490651,1518095,,bus-cycles:u,1148192,100.00,,
     0.236490651,1329201,,instructions:u,1148160,100.00,,
     0.237641241,0,,branch-misses:u,1148928,100.00,,
     0.237641241,90350,,cache-misses:u,1148608,100.00,,
     0.237641241,1529655,,bus-cycles:u,1148576,100.00,,
     0.237641241,1337859,,instructions:u,1148672,100.00,,
     0.238825965,0,,branch-misses:u,1185088,100.00,,
     0.238825965,92252,,cache-misses:u,1185344,100.00,,
     0.238825965,1577946,,bus-cycles:u,1185472,100.00,,
     0.238825965,1378134,,instructions:u,1185440,100.00,,
     0.239980942,0,,branch-misses:u,1154080,100.00,,
     0.239980942,88543,,cache-misses:u,1154304,100.00,,
     0.239980942,1519617,,bus-cycles:u,1154272,100.00,,
     0.239980942,1326294,,instructions:u,1154208,100.00,,
     0.241131692,0,,branch-misses:u,1149792,100.00,,
     0.241131692,90380,,cache-misses:u,1149344,100.00,,
     0.241131692,1529949,,bus-cycles:u,1149344,100.00,,
     0.241131692,1331429,,instructions:u,1149312,100.00,,
     0.242281096,0,,branch-misses:u,1147680,100.00,,
     0.242281096,98616,,cache-misses:u,1147584,100.00,,
     0.242281096,1528190,,bus-cycles:u,1147456,100.00,,
     0.242281096,1346161,,instructions:u,1147488,100.00,,
     0.243428804,1,,branch-misses:u,1147104,100.00,,
     0.243428804,92073,,cache-misses:u,1147264,100.00,,
     0.243428804,1527901,,bus-cycles:u,1147296,100.00,,
     0.243428804,1337654,,instructions:u,1147360,100.00,,
     0.244577857,0,,branch-misses:u,1149056,100.00,,
     0.244577857,81426,,cache-misses:u,1148928,100.00,,
     0.244577857,1518188,,bus-cycles:u,1148928,100.00,,
     0.244577857,1328256,,instructions:u,1148832,100.00,,
     0.245728446,0,,branch-misses:u,1149056,100.00,,
     0.245728446,83107,,cache-misses:u,1148960,100.00,,
     0.245728446,1530592,,bus-cycles:u,1148960,100.00,,
     0.245728446,1338097,,instructions:u,1149024,100.00,,
     0.246876538,0,,branch-misses:u,1147200,100.00,,
     0.246876538,89607,,cache-misses:u,1147296,100.00,,
     0.246876538,1528241,,bus-cycles:u,1147616,100.00,,
     0.246876538,1333055,,instructions:u,1147520,100.00,,
     0.248024534,0,,branch-misses:u,1148096,100.00,,
     0.248024534,88703,,cache-misses:u,1148064,100.00,,
     0.248024534,1518531,,bus-cycles:u,1147744,100.00,,
     0.248024534,1324699,,instructions:u,1147872,100.00,,
     0.249174804,0,,branch-misses:u,1149120,100.00,,
     0.249174804,91316,,cache-misses:u,1149344,100.00,,
     0.249174804,1530480,,bus-cycles:u,1149344,100.00,,
     0.249174804,1334439,,instructions:u,1149248,100.00,,
     0.250326898,0,,branch-misses:u,1151008,100.00,,
     0.250326898,93373,,cache-misses:u,1150624,100.00,,
     0.250326898,1532686,,bus-cycles:u,1150784,100.00,,
     0.250326898,1345276,,instructions:u,1150784,100.00,,
     0.251473678,0,,branch-misses:u,1145856,100.00,,
     0.251473678,96048,,cache-misses:u,1145760,100.00,,
     0.251473678,1526065,,bus-cycles:u,1145696,100.00,,
     0.251473678,1336841,,instructions:u,1145760,100.00,,
     0.252621321,1,,branch-misses:u,1147904,100.00,,
     0.252621321,82726,,cache-misses:u,1148032,100.00,,
     0.252621321,1519470,,bus-cycles:u,1148064,100.00,,
     0.252621321,1325310,,instructions:u,1148000,100.00,,
     0.253771206,0,,branch-misses:u,1148096,100.00,,
     0.253771206,88727,,cache-misses:u,1148096,100.00,,
     0.253771206,1529263,,bus-cycles:u,1148128,100.00,,
     0.253771206,1338903,,instructions:u,1148192,100.00,,
     0.254919362,0,,branch-misses:u,1147584,100.00,,
     0.254919362,93419,,cache-misses:u,1147552,100.00,,
     0.254919362,1528232,,bus-cycles:u,1147488,100.00,,
     0.254919362,1335402,,instructions:u,1147456,100.00,,
     0.256067487,0,,branch-misses:u,1147968,100.00,,
     0.256067487,85859,,cache-misses:u,1148128,100.00,,
     0.256067487,1517740,,bus-cycles:u,1148096,100.00,,
     0.256067487,1324224,,instructions:u,1148160,100.00,,
     0.257217083,0,,branch-misses:u,1148096,100.00,,
     0.257217083,72642,,cache-misses:u,1147968,100.00,,
     0.257217083,1529375,,bus-cycles:u,1148064,100.00,,
     0.257217083,1330943,,instructions:u,1148032,100.00,,
     0.258363799,0,,branch-misses:u,1146048,100.00,,
     0.258363799,97224,,cache-misses:u,1146176,100.00,,
     0.258363799,1526294,,bus-cycles:u,1146080,100.00,,
     0.258363799,1340703,,instructions:u,1146048,100.00,,
     0.259511122,0,,branch-misses:u,1146432,100.00,,
     0.259511122,97821,,cache-misses:u,1146400,100.00,,
     0.259511122,1526764,,bus-cycles:u,1146400,100.00,,
     0.259511122,1338511,,instructions:u,1146432,100.00,,
     0.260699145,1,,branch-misses:u,1189248,100.00,,
     0.260699145,93209,,cache-misses:u,1189952,100.00,,
     0.260699145,1574631,,bus-cycles:u,1190144,100.00,,
     0.260699145,1377659,,instructions:u,1190144,100.00,,
     0.261852936,0,,branch-misses:u,1151680,100.00,,
     0.261852936,86205,,cache-misses:u,1150816,100.00,,
     0.261852936,1532873,,bus-cycles:u,1150656,100.00,,
     0.261852936,1341549,,instructions:u,1150656,100.00,,
     0.263000452,0,,branch-misses:u,1145888,100.00,,
     0.263000452,90326,,cache-misses:u,1145920,100.00,,
     0.263000452,1527539,,bus-cycles:u,1145952,100.00,,
     0.263000452,1333377,,instructions:u,1145888,100.00,,
     0.264146399,0,,branch-misses:u,1146816,100.00,,
     0.264146399,81709,,cache-misses:u,1147328,100.00,,
     0.264146399,1517749,,bus-cycles:u,1147296,100.00,,
     0.264146399,1325434,,instructions:u,1147360,100.00,,
     0.265301855,0,,branch-misses:u,1153152,100.00,,
     0.265301855,90942,,cache-misses:u,1153056,100.00,,
     0.265301855,1535612,,bus-cycles:u,1153024,100.00,,
     0.265301855,1338111,,instructions:u,1153024,100.00,,
     0.266448827,0,,branch-misses:u,1146464,100.00,,
     0.266448827,97315,,cache-misses:u,1146048,100.00,,
     0.266448827,1527008,,bus-cycles:u,1145952,100.00,,
     0.266448827,1338678,,instructions:u,1145984,100.00,,
     0.267595606,0,,branch-misses:u,1145920,100.00,,
     0.267595606,90824,,cache-misses:u,1146016,100.00,,
     0.267595606,1527020,,bus-cycles:u,1146144,100.00,,
     0.267595606,1338521,,instructions:u,1146208,100.00,,
     0.268744883,1,,branch-misses:u,1149504,100.00,,
     0.268744883,91182,,cache-misses:u,1149728,100.00,,
     0.268744883,1520617,,bus-cycles:u,1149696,100.00,,
     0.268744883,1323550,,instructions:u,1149632,100.00,,
     0.270058781,0,,branch-misses:u,1319456,100.00,,
     0.270058781,100173,,cache-misses:u,1321280,100.00,,
     0.270058781,1757613,,bus-cycles:u,1323072,100.00,,
     0.270058781,1516964,,instructions:u,1324608,100.00,,
     0.271296533,0,,branch-misses:u,1233984,100.00,,
     0.271296533,77299,,cache-misses:u,1234464,100.00,,
     0.271296533,1639681,,bus-cycles:u,1234016,100.00,,
     0.271296533,1404499,,instructions:u,1233696,100.00,,
     0.272498164,0,,branch-misses:u,1200704,100.00,,
     0.272498164,89842,,cache-misses:u,1200000,100.00,,
     0.272498164,1583264,,bus-cycles:u,1200160,100.00,,
     0.272498164,1358730,,instructions:u,1199712,100.00,,
     0.273724516,0,,branch-misses:u,1223200,100.00,,
     0.273724516,100780,,cache-misses:u,1222240,100.00,,
     0.273724516,1627249,,bus-cycles:u,1221344,100.00,,
     0.273724516,1400027,,instructions:u,1220992,100.00,,
     0.274884776,0,,branch-misses:u,1158752,100.00,,
     0.274884776,95872,,cache-misses:u,1158464,100.00,,
     0.274884776,1541552,,bus-cycles:u,1157952,100.00,,
     0.274884776,1332166,,instructions:u,1157568,100.00,,
     0.276040874,1,,branch-misses:u,1155136,100.00,,
     0.276040874,85797,,cache-misses:u,1154976,100.00,,
     0.276040874,1524427,,bus-cycles:u,1155008,100.00,,
     0.276040874,1313543,,instructions:u,1154912,100.00,,
     0.277193929,0,,branch-misses:u,1152288,100.00,,
     0.277193929,90654,,cache-misses:u,1152288,100.00,,
     0.277193929,1534540,,bus-cycles:u,1152320,100.00,,
     0.277193929,1329080,,instructions:u,1152320,100.00,,
     0.278345415,0,,branch-misses:u,1150016,100.00,,
     0.278345415,92411,,cache-misses:u,1149568,100.00,,
     0.278345415,1530931,,bus-cycles:u,1149440,100.00,,
     0.278345415,1327819,,instructions:u,1149504,100.00,,
     0.279495268,0,,branch-misses:u,1148992,100.00,,
     0.279495268,93908,,cache-misses:u,1148896,100.00,,
     0.279495268,1530055,,bus-cycles:u,1148896,100.00,,
     0.279495268,1322392,,instructions:u,1148832,100.00,,
     0.280644929,0,,branch-misses:u,1149344,100.00,,
     0.280644929,86146,,cache-misses:u,1149504,100.00,,
     0.280644929,1516774,,bus-cycles:u,1149408,100.00,,
     0.280644929,1310427,,instructions:u,1149472,100.00,,
     0.281834585,0,,branch-misses:u,1188672,100.00,,
     0.281834585,94103,,cache-misses:u,1188992,100.00,,
     0.281834585,1584366,,bus-cycles:u,1189184,100.00,,
     0.281834585,1368459,,instructions:u,1189216,100.00,,
     0.282984310,0,,branch-misses:u,1149120,100.00,,
     0.282984310,88737,,cache-misses:u,1148640,100.00,,
     0.282984310,1529406,,bus-cycles:u,1148608,100.00,,
     0.282984310,1319544,,instructions:u,1148576,100.00,,
     0.284132114,0,,branch-misses:u,1147072,100.00,,
     0.284132114,85993,,cache-misses:u,1147200,100.00,,
     0.284132114,1514389,,bus-cycles:u,1147104,100.00,,
     0.284132114,1310742,,instructions:u,1147104,100.00,,
     0.285282095,1,,branch-misses:u,1148864,100.00,,
     0.285282095,87609,,cache-misses:u,1148736,100.00,,
     0.285282095,1528949,,bus-cycles:u,1148928,100.00,,
     0.285282095,1323321,,instructions:u,1148928,100.00,,
     0.286431116,0,,branch-misses:u,1148128,100.00,,
     0.286431116,91315,,cache-misses:u,1148320,100.00,,
     0.286431116,1527854,,bus-cycles:u,1148480,100.00,,
     0.286431116,1326310,,instructions:u,1148736,100.00,,
     0.287579656,0,,branch-misses:u,1147968,100.00,,
     0.287579656,90965,,cache-misses:u,1147936,100.00,,
     0.287579656,1527310,,bus-cycles:u,1147712,100.00,,
     0.287579656,1322593,,instructions:u,1147392,100.00,,
     0.288730214,0,,branch-misses:u,1150240,100.00,,
     0.288730214,94112,,cache-misses:u,1150240,100.00,,
     0.288730214,1519140,,bus-cycles:u,1150112,100.00,,
     0.288730214,1314198,,instructions:u,1150176,100.00,,
     0.289881316,0,,branch-misses:u,1149760,100.00,,
     0.289881316,93678,,cache-misses:u,1149728,100.00,,
     0.289881316,1531472,,bus-cycles:u,1149728,100.00,,
     0.289881316,1323481,,instructions:u,1149664,100.00,,
     0.291029952,0,,branch-misses:u,1147552,100.00,,
     0.291029952,88482,,cache-misses:u,1147584,100.00,,
     0.291029952,1528404,,bus-cycles:u,1147584,100.00,,
     0.291029952,1322775,,instructions:u,1147648,100.00,,
     0.292179645,0,,branch-misses:u,1149696,100.00,,
     0.292179645,86798,,cache-misses:u,1149536,100.00,,
     0.292179645,1519212,,bus-cycles:u,1149664,100.00,,
     0.292179645,1315053,,instructions:u,1149536,100.00,,
     0.293328986,1,,branch-misses:u,1148320,100.00,,
     0.293328986,85082,,cache-misses:u,1148768,100.00,,
     0.293328986,1529286,,bus-cycles:u,1148736,100.00,,
     0.293328986,1325994,,instructions:u,1148864,100.00,,
     0.294478071,0,,branch-misses:u,1147776,100.00,,
     0.294478071,86785,,cache-misses:u,1147424,100.00,,
     0.294478071,1527133,,bus-cycles:u,1147424,100.00,,
     0.294478071,1328500,,instructions:u,1147360,100.00,,
     0.295626002,0,,branch-misses:u,1147520,100.00,,
     0.295626002,93061,,cache-misses:u,1147488,100.00,,
     0.295626002,1527530,,bus-cycles:u,1147360,100.00,,
     0.295626002,1326914,,instructions:u,1147296,100.00,,
     0.296774991,0,,branch-misses:u,1123872,100.00,,
     0.296774991,84833,,cache-misses:u,1124960,100.00,,
     0.296774991,1446896,,bus-cycles:u,1125056,100.00,,
     0.296774991,1253070,,instructions:u,1125184,100.00,,
     0.297926253,0,,branch-misses:u,1149856,100.00,,
     0.297926253,90020,,cache-misses:u,1148800,100.00,,
     0.297926253,1529791,,bus-cycles:u,1148768,100.00,,
     0.297926253,1325430,,instructions:u,1148704,100.00,,
     0.299074569,0,,branch-misses:u,1147168,100.00,,
     0.299074569,92131,,cache-misses:u,1147136,100.00,,
     0.299074569,1528437,,bus-cycles:u,1147136,100.00,,
     0.299074569,1323648,,instructions:u,1147200,100.00,,
     0.300222789,0,,branch-misses:u,1148800,100.00,,
     0.300222789,85740,,cache-misses:u,1149536,100.00,,
     0.300222789,1510993,,bus-cycles:u,1149600,100.00,,
     0.300222789,1308501,,instructions:u,1149568,100.00,,
     0.301377382,1,,branch-misses:u,1153184,100.00,,
     0.301377382,92906,,cache-misses:u,1152480,100.00,,
     0.301377382,1535332,,bus-cycles:u,1152480,100.00,,
     0.301377382,1329621,,instructions:u,1152512,100.00,,
     0.302526787,0,,branch-misses:u,1147968,100.00,,
     0.302526787,93275,,cache-misses:u,1148000,100.00,,
     0.302526787,1529563,,bus-cycles:u,1147968,100.00,,
     0.302526787,1330686,,instructions:u,1147904,100.00,,
     0.303712343,0,,branch-misses:u,1185568,100.00,,
     0.303712343,91742,,cache-misses:u,1185632,100.00,,
     0.303712343,1579701,,bus-cycles:u,1185600,100.00,,
     0.303712343,1374768,,instructions:u,1185632,100.00,,
     0.304875293,0,,branch-misses:u,1162368,100.00,,
     0.304875293,100740,,cache-misses:u,1162368,100.00,,
     0.304875293,1537044,,bus-cycles:u,1162496,100.00,,
     0.304875293,1335078,,instructions:u,1162848,100.00,,
     0.306024890,0,,branch-misses:u,1148000,100.00,,
     0.306024890,91646,,cache-misses:u,1147840,100.00,,
     0.306024890,1529297,,bus-cycles:u,1147712,100.00,,
     0.306024890,1324647,,instructions:u,1147264,100.00,,
     0.307172438,0,,branch-misses:u,1146528,100.00,,
     0.307172438,91164,,cache-misses:u,1146656,100.00,,
     0.307172438,1527729,,bus-cycles:u,1146688,100.00,,
     0.307172438,1325673,,instructions:u,1146784,100.00,,
     0.308320594,0,,branch-misses:u,1148192,100.00,,
     0.308320594,86821,,cache-misses:u,1148064,100.00,,
     0.308320594,1517731,,bus-cycles:u,1148096,100.00,,
     0.308320594,1319099,,instructions:u,1148032,100.00,,
     0.309470287,1,,branch-misses:u,1148576,100.00,,
     0.309470287,85678,,cache-misses:u,1148672,100.00,,
     0.309470287,1530726,,bus-cycles:u,1148672,100.00,,
     0.309470287,1329112,,instructions:u,1148768,100.00,,
     0.310618347,0,,branch-misses:u,1146784,100.00,,
     0.310618347,89311,,cache-misses:u,1146688,100.00,,
     0.310618347,1527675,,bus-cycles:u,1146656,100.00,,
     0.310618347,1334268,,instructions:u,1146624,100.00,,
     0.311765959,0,,branch-misses:u,1147552,100.00,,
     0.311765959,86520,,cache-misses:u,1147648,100.00,,
     0.311765959,1518430,,bus-cycles:u,1147616,100.00,,
     0.311765959,1322982,,instructions:u,1147552,100.00,,
     0.312915268,0,,branch-misses:u,1148288,100.00,,
     0.312915268,85370,,cache-misses:u,1148320,100.00,,
     0.312915268,1529183,,bus-cycles:u,1148352,100.00,,
     0.312915268,1329894,,instructions:u,1148352,100.00,,
     0.314063167,0,,branch-misses:u,1147040,100.00,,
     0.314063167,86856,,cache-misses:u,1147520,100.00,,
     0.314063167,1528137,,bus-cycles:u,1147520,100.00,,
     0.314063167,1328526,,instructions:u,1147584,100.00,,
     0.315211932,0,,branch-misses:u,1147712,100.00,,
     0.315211932,84666,,cache-misses:u,1147232,100.00,,
     0.315211932,1527468,,bus-cycles:u,1147232,100.00,,
     0.315211932,1330002,,instructions:u,1147232,100.00,,
     0.316360216,0,,branch-misses:u,1148288,100.00,,
     0.316360216,84613,,cache-misses:u,1148032,100.00,,
     0.316360216,1520767,,bus-cycles:u,1148096,100.00,,
     0.316360216,1323423,,instructions:u,1148064,100.00,,
     0.317510485,1,,branch-misses:u,1149216,100.00,,
     0.317510485,91943,,cache-misses:u,1149472,100.00,,
     0.317510485,1531220,,bus-cycles:u,1149440,100.00,,
     0.317510485,1333077,,instructions:u,1149472,100.00,,
     0.318657969,0,,branch-misses:u,1146240,100.00,,
     0.318657969,93927,,cache-misses:u,1146112,100.00,,
     0.318657969,1527048,,bus-cycles:u,1146048,100.00,,
     0.318657969,1335258,,instructions:u,1146112,100.00,,
     0.319806125,0,,branch-misses:u,1148096,100.00,,
     0.319806125,90074,,cache-misses:u,1148128,100.00,,
     0.319806125,1518836,,bus-cycles:u,1148064,100.00,,
     0.319806125,1326119,,instructions:u,1148000,100.00,,
     0.320954857,0,,branch-misses:u,1147712,100.00,,
     0.320954857,91022,,cache-misses:u,1147712,100.00,,
     0.320954857,1529152,,bus-cycles:u,1147776,100.00,,
     0.320954857,1334191,,instructions:u,1147776,100.00,,
     0.322102917,0,,branch-misses:u,1147328,100.00,,
     0.322102917,96909,,cache-misses:u,1147328,100.00,,
     0.322102917,1528494,,bus-cycles:u,1147328,100.00,,
     0.322102917,1333701,,instructions:u,1147360,100.00,,
     0.323251490,0,,branch-misses:u,1147552,100.00,,
     0.323251490,95446,,cache-misses:u,1147776,100.00,,
     0.323251490,1528794,,bus-cycles:u,1147808,100.00,,
     0.323251490,1332927,,instructions:u,1147776,100.00,,
     0.324438744,0,,branch-misses:u,1187680,100.00,,
     0.324438744,88552,,cache-misses:u,1188096,100.00,,
     0.324438744,1574073,,bus-cycles:u,1188096,100.00,,
     0.324438744,1370592,,instructions:u,1188160,100.00,,
     0.325593016,1,,branch-misses:u,1152576,100.00,,
     0.325593016,95343,,cache-misses:u,1152000,100.00,,
     0.325593016,1534430,,bus-cycles:u,1152032,100.00,,
     0.325593016,1338909,,instructions:u,1151936,100.00,,
     0.326742229,0,,branch-misses:u,1148064,100.00,,
     0.326742229,89690,,cache-misses:u,1148000,100.00,,
     0.326742229,1528790,,bus-cycles:u,1148000,100.00,,
     0.326742229,1338570,,instructions:u,1148064,100.00,,
     0.327892274,0,,branch-misses:u,1150016,100.00,,
     0.327892274,87798,,cache-misses:u,1150048,100.00,,
     0.327892274,1522363,,bus-cycles:u,1150080,100.00,,
     0.327892274,1329894,,instructions:u,1150080,100.00,,
     0.329042960,0,,branch-misses:u,1149408,100.00,,
     0.329042960,89657,,cache-misses:u,1149280,100.00,,
     0.329042960,1531756,,bus-cycles:u,1149312,100.00,,
     0.329042960,1336806,,instructions:u,1149280,100.00,,
     0.330191724,0,,branch-misses:u,1147776,100.00,,
     0.330191724,98371,,cache-misses:u,1147840,100.00,,
     0.330191724,1528532,,bus-cycles:u,1147840,100.00,,
     0.330191724,1334781,,instructions:u,1147808,100.00,,
     0.331339848,0,,branch-misses:u,1147552,100.00,,
     0.331339848,100331,,cache-misses:u,1147584,100.00,,
     0.331339848,1528426,,bus-cycles:u,1147488,100.00,,
     0.331339848,1331973,,instructions:u,1147488,100.00,,
     0.332489125,0,,branch-misses:u,1148992,100.00,,
     0.332489125,88219,,cache-misses:u,1149024,100.00,,
     0.332489125,1520757,,bus-cycles:u,1149024,100.00,,
     0.332489125,1326204,,instructions:u,1149056,100.00,,
     0.333640899,1,,branch-misses:u,1150656,100.00,,
     0.333640899,88436,,cache-misses:u,1150624,100.00,,
     0.333640899,1532037,,bus-cycles:u,1150528,100.00,,
     0.333640899,1336425,,instructions:u,1150528,100.00,,
     0.334789183,0,,branch-misses:u,1147008,100.00,,
     0.334789183,90626,,cache-misses:u,1147008,100.00,,
     0.334789183,1527839,,bus-cycles:u,1147104,100.00,,
     0.334789183,1337465,,instructions:u,1147072,100.00,,
     0.335938140,0,,branch-misses:u,1149056,100.00,,
     0.335938140,88130,,cache-misses:u,1149056,100.00,,
     0.335938140,1522426,,bus-cycles:u,1150016,100.00,,
     0.335938140,1332025,,instructions:u,1150080,100.00,,
     0.337089786,0,,branch-misses:u,1151200,100.00,,
     0.337089786,93342,,cache-misses:u,1151232,100.00,,
     0.337089786,1533041,,bus-cycles:u,1150272,100.00,,
     0.337089786,1338820,,instructions:u,1150240,100.00,,
     0.338244154,0,,branch-misses:u,1152992,100.00,,
     0.338244154,93724,,cache-misses:u,1153248,100.00,,
     0.338244154,1537138,,bus-cycles:u,1153184,100.00,,
     0.338244154,1343018,,instructions:u,1153152,100.00,,
     0.339393527,0,,branch-misses:u,1148096,100.00,,
     0.339393527,89844,,cache-misses:u,1148128,100.00,,
     0.339393527,1530196,,bus-cycles:u,1148192,100.00,,
     0.339393527,1332450,,instructions:u,1148256,100.00,,
     0.340542068,0,,branch-misses:u,1148640,100.00,,
     0.340542068,87976,,cache-misses:u,1148320,100.00,,
     0.340542068,1520868,,bus-cycles:u,1148256,100.00,,
     0.340542068,1327725,,instructions:u,1148192,100.00,,
     0.341693009,1,,branch-misses:u,1149376,100.00,,
     0.341693009,89721,,cache-misses:u,1149408,100.00,,
     0.341693009,1531250,,bus-cycles:u,1149504,100.00,,
     0.341693009,1340070,,instructions:u,1149472,100.00,,
     0.342841037,0,,branch-misses:u,1147232,100.00,,
     0.342841037,99166,,cache-misses:u,1147168,100.00,,
     0.342841037,1528535,,bus-cycles:u,1147136,100.00,,
     0.342841037,1337886,,instructions:u,1147200,100.00,,
     0.343988937,0,,branch-misses:u,1147744,100.00,,
     0.343988937,84554,,cache-misses:u,1147776,100.00,,
     0.343988937,1520351,,bus-cycles:u,1147808,100.00,,
     0.343988937,1331298,,instructions:u,1147840,100.00,,
     0.345176480,0,,branch-misses:u,1187104,100.00,,
     0.345176480,97971,,cache-misses:u,1187520,100.00,,
     0.345176480,1582425,,bus-cycles:u,1187584,100.00,,
     0.345176480,1381284,,instructions:u,1187584,100.00,,
     0.346328062,0,,branch-misses:u,1150208,100.00,,
     0.346328062,90048,,cache-misses:u,1149888,100.00,,
     0.346328062,1532849,,bus-cycles:u,1149824,100.00,,
     0.346328062,1337337,,instructions:u,1149792,100.00,,
     0.347476986,0,,branch-misses:u,1147936,100.00,,
     0.347476986,90996,,cache-misses:u,1147744,100.00,,
     0.347476986,1529836,,bus-cycles:u,1147712,100.00,,
     0.347476986,1332806,,instructions:u,1147744,100.00,,
     0.348625911,0,,branch-misses:u,1148896,100.00,,
     0.348625911,83603,,cache-misses:u,1149088,100.00,,
     0.348625911,1521646,,bus-cycles:u,1149088,100.00,,
     0.348625911,1325578,,instructions:u,1149088,100.00,,
     0.349776533,1,,branch-misses:u,1149440,100.00,,
     0.349776533,88521,,cache-misses:u,1149472,100.00,,
     0.349776533,1531635,,bus-cycles:u,1149440,100.00,,
     0.349776533,1339341,,instructions:u,1149376,100.00,,
     0.350927122,0,,branch-misses:u,1150272,100.00,,
     0.350927122,87462,,cache-misses:u,1150368,100.00,,
     0.350927122,1533557,,bus-cycles:u,1150432,100.00,,
     0.350927122,1340154,,instructions:u,1150464,100.00,,
     0.352076975,0,,branch-misses:u,1149600,100.00,,
     0.352076975,84197,,cache-misses:u,1149600,100.00,,
     0.352076975,1522933,,bus-cycles:u,1149568,100.00,,
     0.352076975,1330722,,instructions:u,1149504,100.00,,
     0.353227853,0,,branch-misses:u,1149088,100.00,,
     0.353227853,92572,,cache-misses:u,1148992,100.00,,
     0.353227853,1532195,,bus-cycles:u,1148960,100.00,,
     0.353227853,1338570,,instructions:u,1149088,100.00,,
     0.354376265,0,,branch-misses:u,1147584,100.00,,
     0.354376265,92057,,cache-misses:u,1147552,100.00,,
     0.354376265,1529079,,bus-cycles:u,1147584,100.00,,
     0.354376265,1334043,,instructions:u,1147552,100.00,,
     0.355524486,0,,branch-misses:u,1147264,100.00,,
     0.355524486,101264,,cache-misses:u,1147104,100.00,,
     0.355524486,1529215,,bus-cycles:u,1147072,100.00,,
     0.355524486,1335780,,instructions:u,1147040,100.00,,
     0.356673346,0,,branch-misses:u,1148960,100.00,,
     0.356673346,89633,,cache-misses:u,1149056,100.00,,
     0.356673346,1522653,,bus-cycles:u,1149088,100.00,,
     0.356673346,1329660,,instructions:u,1149120,100.00,,
     0.357824480,1,,branch-misses:u,1149376,100.00,,
     0.357824480,95124,,cache-misses:u,1149216,100.00,,
     0.357824480,1532365,,bus-cycles:u,1149184,100.00,,
     0.357824480,1338603,,instructions:u,1149152,100.00,,
     0.358973501,0,,branch-misses:u,1148192,100.00,,
     0.358973501,95335,,cache-misses:u,1148352,100.00,,
     0.358973501,1529948,,bus-cycles:u,1148480,100.00,,
     0.358973501,1336725,,instructions:u,1148512,100.00,,
     0.360122681,0,,branch-misses:u,1150080,100.00,,
     0.360122681,85537,,cache-misses:u,1150112,100.00,,
     0.360122681,1522536,,bus-cycles:u,1150016,100.00,,
     0.360122681,1330304,,instructions:u,1150016,100.00,,
     0.361273367,0,,branch-misses:u,1148448,100.00,,
     0.361273367,91818,,cache-misses:u,1148352,100.00,,
     0.361273367,1529504,,bus-cycles:u,1148352,100.00,,
     0.361273367,1336180,,instructions:u,1148320,100.00,,
     0.362423092,0,,branch-misses:u,1148960,100.00,,
     0.362423092,94914,,cache-misses:u,1148928,100.00,,
     0.362423092,1530861,,bus-cycles:u,1148960,100.00,,
     0.362423092,1337040,,instructions:u,1148960,100.00,,
     0.363571633,0,,branch-misses:u,1147776,100.00,,
     0.363571633,96142,,cache-misses:u,1147840,100.00,,
     0.363571633,1529063,,bus-cycles:u,1147840,100.00,,
     0.363571633,1335321,,instructions:u,1147840,100.00,,
     0.364720525,0,,branch-misses:u,1148992,100.00,,
     0.364720525,92458,,cache-misses:u,1149056,100.00,,
     0.364720525,1520820,,bus-cycles:u,1149024,100.00,,
     0.364720525,1329660,,instructions:u,1149024,100.00,,
     0.365871275,1,,branch-misses:u,1149472,100.00,,
     0.365871275,94349,,cache-misses:u,1149472,100.00,,
     0.365871275,1531107,,bus-cycles:u,1149440,100.00,,
     0.365871275,1338828,,instructions:u,1149440,100.00,,
     0.367055583,0,,branch-misses:u,1184480,100.00,,
     0.367055583,96645,,cache-misses:u,1184832,100.00,,
     0.367055583,1578465,,bus-cycles:u,1184928,100.00,,
     0.367055583,1378989,,instructions:u,1184864,100.00,,
     0.368207732,0,,branch-misses:u,1150816,100.00,,
     0.368207732,83556,,cache-misses:u,1150752,100.00,,
     0.368207732,1516403,,bus-cycles:u,1150656,100.00,,
     0.368207732,1329057,,instructions:u,1150720,100.00,,
     0.369358170,0,,branch-misses:u,1149728,100.00,,
     0.369358170,99329,,cache-misses:u,1149824,100.00,,
     0.369358170,1530990,,bus-cycles:u,1149824,100.00,,
     0.369358170,1336869,,instructions:u,1149856,100.00,,
     0.370509632,0,,branch-misses:u,1150208,100.00,,
     0.370509632,98880,,cache-misses:u,1149920,100.00,,
     0.370509632,1531511,,bus-cycles:u,1149920,100.00,,
     0.370509632,1335722,,instructions:u,1149888,100.00,,
     0.371658949,0,,branch-misses:u,1148160,100.00,,
     0.371658949,100098,,cache-misses:u,1148096,100.00,,
     0.371658949,1528460,,bus-cycles:u,1148160,100.00,,
     0.371658949,1334849,,instructions:u,1148160,100.00,,
     0.372818161,0,,branch-misses:u,1159328,100.00,,
     0.372818161,88274,,cache-misses:u,1159296,100.00,,
     0.372818161,1533105,,bus-cycles:u,1159392,100.00,,
     0.372818161,1339172,,instructions:u,1159424,100.00,,
     0.373972537,1,,branch-misses:u,1153984,100.00,,
     0.373972537,91639,,cache-misses:u,1154016,100.00,,
     0.373972537,1536384,,bus-cycles:u,1154048,100.00,,
     0.373972537,1342028,,instructions:u,1154048,100.00,,
     0.375122430,0,,branch-misses:u,1148416,100.00,,
     0.375122430,92231,,cache-misses:u,1148384,100.00,,
     0.375122430,1529019,,bus-cycles:u,1148128,100.00,,
     0.375122430,1337854,,instructions:u,1148064,100.00,,
     0.376270851,0,,branch-misses:u,1147936,100.00,,
     0.376270851,83554,,cache-misses:u,1147872,100.00,,
     0.376270851,1519797,,bus-cycles:u,1147872,100.00,,
     0.376270851,1329818,,instructions:u,1147904,100.00,,
     0.377421353,0,,branch-misses:u,1149376,100.00,,
     0.377421353,89749,,cache-misses:u,1149408,100.00,,
     0.377421353,1530688,,bus-cycles:u,1149504,100.00,,
     0.377421353,1337301,,instructions:u,1149536,100.00,,
     0.378569197,0,,branch-misses:u,1146912,100.00,,
     0.378569197,89514,,cache-misses:u,1146912,100.00,,
     0.378569197,1528154,,bus-cycles:u,1146848,100.00,,
     0.378569197,1335253,,instructions:u,1146720,100.00,,
     0.379716977,0,,branch-misses:u,1147168,100.00,,
     0.379716977,92056,,cache-misses:u,1147136,100.00,,
     0.379716977,1528590,,bus-cycles:u,1147136,100.00,,
     0.379716977,1334785,,instructions:u,1147200,100.00,,
     0.380879838,0,,branch-misses:u,1162976,100.00,,
     0.380879838,91437,,cache-misses:u,1163552,100.00,,
     0.380879838,1540429,,bus-cycles:u,1163648,100.00,,
     0.380879838,1345424,,instructions:u,1163680,100.00,,
     0.382030308,0,,branch-misses:u,1148800,100.00,,
     0.382030308,89350,,cache-misses:u,1148576,100.00,,
     0.382030308,1529132,,bus-cycles:u,1148480,100.00,,
     0.382030308,1335780,,instructions:u,1148544,100.00,,
     0.383178696,1,,branch-misses:u,1147488,100.00,,
     0.383178696,88802,,cache-misses:u,1147200,100.00,,
     0.383178696,1528732,,bus-cycles:u,1147200,100.00,,
     0.383178696,1335989,,instructions:u,1147424,100.00,,
     0.384327597,0,,branch-misses:u,1148960,100.00,,
     0.384327597,80643,,cache-misses:u,1149024,100.00,,
     0.384327597,1520603,,bus-cycles:u,1149056,100.00,,
     0.384327597,1329025,,instructions:u,1148800,100.00,,
     0.385477074,0,,branch-misses:u,1147872,100.00,,
     0.385477074,89207,,cache-misses:u,1147840,100.00,,
     0.385477074,1528942,,bus-cycles:u,1147776,100.00,,
     0.385477074,1335429,,instructions:u,1147680,100.00,,
     0.386624854,0,,branch-misses:u,1147424,100.00,,
     0.386624854,90674,,cache-misses:u,1147392,100.00,,
     0.386624854,1527581,,bus-cycles:u,1147392,100.00,,
     0.386624854,1334817,,instructions:u,1147424,100.00,,
     0.387812884,0,,branch-misses:u,1188576,100.00,,
     0.387812884,95493,,cache-misses:u,1188800,100.00,,
     0.387812884,1573038,,bus-cycles:u,1188928,100.00,,
     0.387812884,1371798,,instructions:u,1188992,100.00,,
     0.388967389,0,,branch-misses:u,1152512,100.00,,
     0.388967389,95507,,cache-misses:u,1152224,100.00,,
     0.388967389,1535025,,bus-cycles:u,1152256,100.00,,
     0.388967389,1339650,,instructions:u,1152160,100.00,,
     0.390115553,0,,branch-misses:u,1147424,100.00,,
     0.390115553,90356,,cache-misses:u,1147424,100.00,,
     0.390115553,1528642,,bus-cycles:u,1147296,100.00,,
     0.390115553,1334683,,instructions:u,1147360,100.00,,
     0.391264518,1,,branch-misses:u,1148064,100.00,,
     0.391264518,95163,,cache-misses:u,1148192,100.00,,
     0.391264518,1529313,,bus-cycles:u,1148192,100.00,,
     0.391264518,1336883,,instructions:u,1148192,100.00,,
     0.392413771,0,,branch-misses:u,1149120,100.00,,
     0.392413771,85048,,cache-misses:u,1148992,100.00,,
     0.392413771,1520714,,bus-cycles:u,1149056,100.00,,
     0.392413771,1329480,,instructions:u,1149088,100.00,,
     0.393563568,0,,branch-misses:u,1148512,100.00,,
     0.393563568,93204,,cache-misses:u,1148544,100.00,,
     0.393563568,1530222,,bus-cycles:u,1148640,100.00,,
     0.393563568,1337360,,instructions:u,1148544,100.00,,
     0.394712373,0,,branch-misses:u,1147776,100.00,,
     0.394712373,89435,,cache-misses:u,1147872,100.00,,
     0.394712373,1529285,,bus-cycles:u,1147744,100.00,,
     0.394712373,1332022,,instructions:u,1147808,100.00,,
     0.395861433,0,,branch-misses:u,1148928,100.00,,
     0.395861433,86322,,cache-misses:u,1148896,100.00,,
     0.395861433,1520668,,bus-cycles:u,1148928,100.00,,
     0.395861433,1327019,,instructions:u,1148960,100.00,,
     0.397011743,0,,branch-misses:u,1149376,100.00,,
     0.397011743,90310,,cache-misses:u,1149344,100.00,,
     0.397011743,1531154,,bus-cycles:u,1149344,100.00,,
     0.397011743,1337224,,instructions:u,1149312,100.00,,
     0.398160452,0,,branch-misses:u,1148160,100.00,,
     0.398160452,91042,,cache-misses:u,1148160,100.00,,
     0.398160452,1529226,,bus-cycles:u,1148096,100.00,,
     0.398160452,1336131,,instructions:u,1148064,100.00,,
     0.399310505,1,,branch-misses:u,1148736,100.00,,
     0.399310505,95106,,cache-misses:u,1148800,100.00,,
     0.399310505,1530134,,bus-cycles:u,1148896,100.00,,
     0.399310505,1338081,,instructions:u,1148864,100.00,,
     0.400459310,0,,branch-misses:u,1148960,100.00,,
     0.400459310,85187,,cache-misses:u,1148896,100.00,,
     0.400459310,1519144,,bus-cycles:u,1148768,100.00,,
     0.400459310,1328549,,instructions:u,1148736,100.00,,
     0.401609203,0,,branch-misses:u,1148800,100.00,,
     0.401609203,92965,,cache-misses:u,1148736,100.00,,
     0.401609203,1530432,,bus-cycles:u,1148768,100.00,,
     0.401609203,1336104,,instructions:u,1148960,100.00,,
     0.402758232,0,,branch-misses:u,1147712,100.00,,
     0.402758232,92897,,cache-misses:u,1147680,100.00,,
     0.402758232,1528808,,bus-cycles:u,1147744,100.00,,
     0.402758232,1331748,,instructions:u,1147648,100.00,,
     0.403908061,0,,branch-misses:u,1150112,100.00,,
     0.403908061,92057,,cache-misses:u,1150176,100.00,,
     0.403908061,1520854,,bus-cycles:u,1150080,100.00,,
     0.403908061,1328170,,instructions:u,1150048,100.00,,
     0.405058595,0,,branch-misses:u,1149152,100.00,,
     0.405058595,93749,,cache-misses:u,1149120,100.00,,
     0.405058595,1530766,,bus-cycles:u,1149184,100.00,,
     0.405058595,1336896,,instructions:u,1149152,100.00,,
     0.406206952,0,,branch-misses:u,1147456,100.00,,
     0.406206952,89883,,cache-misses:u,1147712,100.00,,
     0.406206952,1528223,,bus-cycles:u,1147712,100.00,,
     0.406206952,1333026,,instructions:u,1147808,100.00,,
     0.407356269,1,,branch-misses:u,1148672,100.00,,
     0.407356269,93509,,cache-misses:u,1148544,100.00,,
     0.407356269,1528669,,bus-cycles:u,1148608,100.00,,
     0.407356269,1337127,,instructions:u,1148576,100.00,,
     0.408552240,0,,branch-misses:u,1196224,100.00,,
     0.408552240,88730,,cache-misses:u,1196384,100.00,,
     0.408552240,1583061,,bus-cycles:u,1196384,100.00,,
     0.408552240,1382112,,instructions:u,1196384,100.00,,
     0.409706200,0,,branch-misses:u,1152288,100.00,,
     0.409706200,94780,,cache-misses:u,1151968,100.00,,
     0.409706200,1534204,,bus-cycles:u,1151904,100.00,,
     0.409706200,1340406,,instructions:u,1151904,100.00,,
     0.410855837,0,,branch-misses:u,1148832,100.00,,
     0.410855837,90727,,cache-misses:u,1149152,100.00,,
     0.410855837,1529788,,bus-cycles:u,1149184,100.00,,
     0.410855837,1334808,,instructions:u,1149184,100.00,,
     0.412005538,0,,branch-misses:u,1149792,100.00,,
     0.412005538,88228,,cache-misses:u,1149536,100.00,,
     0.412005538,1520494,,bus-cycles:u,1149568,100.00,,
     0.412005538,1328463,,instructions:u,1149568,100.00,,
     0.413157161,0,,branch-misses:u,1150368,100.00,,
     0.413157161,93787,,cache-misses:u,1150464,100.00,,
     0.413157161,1531656,,bus-cycles:u,1150496,100.00,,
     0.413157161,1336815,,instructions:u,1150496,100.00,,
     0.414309552,0,,branch-misses:u,1151360,100.00,,
     0.414309552,93313,,cache-misses:u,1151232,100.00,,
     0.414309552,1533361,,bus-cycles:u,1151168,100.00,,
     0.414309552,1338498,,instructions:u,1151232,100.00,,
     0.415459829,1,,branch-misses:u,1149216,100.00,,
     0.415459829,84687,,cache-misses:u,1149312,100.00,,
     0.415459829,1530514,,bus-cycles:u,1149312,100.00,,
     0.415459829,1336646,,instructions:u,1149216,100.00,,
     0.416610267,0,,branch-misses:u,1150400,100.00,,
     0.416610267,83925,,cache-misses:u,1150368,100.00,,
     0.416610267,1521263,,bus-cycles:u,1150272,100.00,,
     0.416610267,1329007,,instructions:u,1150368,100.00,,
     0.417760352,0,,branch-misses:u,1148544,100.00,,
     0.417760352,88913,,cache-misses:u,1148576,100.00,,
     0.417760352,1529265,,bus-cycles:u,1148608,100.00,,
     0.417760352,1337432,,instructions:u,1148512,100.00,,
     0.418908517,0,,branch-misses:u,1147904,100.00,,
     0.418908517,94421,,cache-misses:u,1147840,100.00,,
     0.418908517,1527942,,bus-cycles:u,1147872,100.00,,
     0.418908517,1335937,,instructions:u,1147968,100.00,,
     0.420058026,0,,branch-misses:u,1149312,100.00,,
     0.420058026,85114,,cache-misses:u,1149312,100.00,,
     0.420058026,1518692,,bus-cycles:u,1149248,100.00,,
     0.420058026,1326445,,instructions:u,1149248,100.00,,
     0.421209328,0,,branch-misses:u,1149824,100.00,,
     0.421209328,91289,,cache-misses:u,1149792,100.00,,
     0.421209328,1529942,,bus-cycles:u,1149920,100.00,,
     0.421209328,1335872,,instructions:u,1149888,100.00,,
     0.422358421,0,,branch-misses:u,1148032,100.00,,
     0.422358421,98009,,cache-misses:u,1148128,100.00,,
     0.422358421,1529039,,bus-cycles:u,1148128,100.00,,
     0.422358421,1335249,,instructions:u,1148064,100.00,,
     0.423507386,1,,branch-misses:u,1148288,100.00,,
     0.423507386,92875,,cache-misses:u,1148480,100.00,,
     0.423507386,1529244,,bus-cycles:u,1148512,100.00,,
     0.423507386,1336030,,instructions:u,1148576,100.00,,
     0.424656959,0,,branch-misses:u,1149504,100.00,,
     0.424656959,84095,,cache-misses:u,1149408,100.00,,
     0.424656959,1519769,,bus-cycles:u,1149248,100.00,,
     0.424656959,1328651,,instructions:u,1149280,100.00,,
     0.425808197,0,,branch-misses:u,1149728,100.00,,
     0.425808197,81336,,cache-misses:u,1149632,100.00,,
     0.425808197,1531292,,bus-cycles:u,1149760,100.00,,
     0.425808197,1340888,,instructions:u,1149824,100.00,,
     0.426958155,0,,branch-misses:u,1149184,100.00,,
     0.426958155,90283,,cache-misses:u,1149216,100.00,,
     0.426958155,1530425,,bus-cycles:u,1149184,100.00,,
     0.426958155,1337827,,instructions:u,1149056,100.00,,
     0.428108144,0,,branch-misses:u,1150304,100.00,,
     0.428108144,87268,,cache-misses:u,1150464,100.00,,
     0.428108144,1522124,,bus-cycles:u,1150432,100.00,,
     0.428108144,1330556,,instructions:u,1150432,100.00,,
     0.429259606,0,,branch-misses:u,1150048,100.00,,
     0.429259606,91971,,cache-misses:u,1149888,100.00,,
     0.429259606,1530369,,bus-cycles:u,1150048,100.00,,
     0.429259606,1339303,,instructions:u,1149984,100.00,,
     0.430448949,0,,branch-misses:u,1189920,100.00,,
     0.430448949,97028,,cache-misses:u,1190048,100.00,,
     0.430448949,1584518,,bus-cycles:u,1189952,100.00,,
     0.430448949,1384718,,instructions:u,1190080,100.00,,
     0.431601532,1,,branch-misses:u,1151008,100.00,,
     0.431601532,86146,,cache-misses:u,1150752,100.00,,
     0.431601532,1531488,,bus-cycles:u,1150752,100.00,,
     0.431601532,1338639,,instructions:u,1150688,100.00,,
     0.432752675,0,,branch-misses:u,1150656,100.00,,
     0.432752675,84723,,cache-misses:u,1150720,100.00,,
     0.432752675,1522348,,bus-cycles:u,1150592,100.00,,
     0.432752675,1333764,,instructions:u,1150592,100.00,,
     0.433904105,0,,branch-misses:u,1149920,100.00,,
     0.433904105,91095,,cache-misses:u,1150080,100.00,,
     0.433904105,1531082,,bus-cycles:u,1150112,100.00,,
     0.433904105,1341303,,instructions:u,1150144,100.00,,
     0.435053710,0,,branch-misses:u,1148544,100.00,,
     0.435053710,89205,,cache-misses:u,1148416,100.00,,
     0.435053710,1528590,,bus-cycles:u,1148416,100.00,,
     0.435053710,1338388,,instructions:u,1148320,100.00,,
     0.436202899,0,,branch-misses:u,1149408,100.00,,
     0.436202899,85726,,cache-misses:u,1149440,100.00,,
     0.436202899,1518118,,bus-cycles:u,1149344,100.00,,
     0.436202899,1328094,,instructions:u,1149344,100.00,,
     0.437353817,0,,branch-misses:u,1149408,100.00,,
     0.437353817,89709,,cache-misses:u,1149248,100.00,,
     0.437353817,1529920,,bus-cycles:u,1149376,100.00,,
     0.437353817,1337571,,instructions:u,1149440,100.00,,
     0.438502750,0,,branch-misses:u,1148064,100.00,,
     0.438502750,89036,,cache-misses:u,1148128,100.00,,
     0.438502750,1528608,,bus-cycles:u,1148128,100.00,,
     0.438502750,1337225,,instructions:u,1148192,100.00,,
     0.439651010,1,,branch-misses:u,1147648,100.00,,
     0.439651010,83804,,cache-misses:u,1147552,100.00,,
     0.439651010,1528361,,bus-cycles:u,1147616,100.00,,
     0.439651010,1336456,,instructions:u,1147488,100.00,,
     0.440799815,0,,branch-misses:u,1148928,100.00,,
     0.440799815,84522,,cache-misses:u,1149024,100.00,,
     0.440799815,1520403,,bus-cycles:u,1148960,100.00,,
     0.440799815,1330038,,instructions:u,1148960,100.00,,
     0.441950765,0,,branch-misses:u,1149664,100.00,,
     0.441950765,88148,,cache-misses:u,1149536,100.00,,
     0.441950765,1530213,,bus-cycles:u,1149600,100.00,,
     0.441950765,1340226,,instructions:u,1149600,100.00,,
     0.443099153,0,,branch-misses:u,1147136,100.00,,
     0.443099153,88412,,cache-misses:u,1147296,100.00,,
     0.443099153,1526937,,bus-cycles:u,1147232,100.00,,
     0.443099153,1333773,,instructions:u,1147296,100.00,,
     0.444247446,0,,branch-misses:u,1148384,100.00,,
     0.444247446,86499,,cache-misses:u,1148256,100.00,,
     0.444247446,1519886,,bus-cycles:u,1148320,100.00,,
     0.444247446,1330884,,instructions:u,1148384,100.00,,
     0.445397339,0,,branch-misses:u,1149472,100.00,,
     0.445397339,90277,,cache-misses:u,1149568,100.00,,
     0.445397339,1530621,,bus-cycles:u,1149536,100.00,,
     0.445397339,1337355,,instructions:u,1149440,100.00,,
     0.446548097,0,,branch-misses:u,1149248,100.00,,
     0.446548097,100690,,cache-misses:u,1149152,100.00,,
     0.446548097,1529519,,bus-cycles:u,1149184,100.00,,
     0.446548097,1334736,,instructions:u,1149216,100.00,,
     0.447696037,1,,branch-misses:u,1146784,100.00,,
     0.447696037,88360,,cache-misses:u,1146912,100.00,,
     0.447696037,1526229,,bus-cycles:u,1146880,100.00,,
     0.447696037,1333257,,instructions:u,1146880,100.00,,
     0.448858290,0,,branch-misses:u,1162528,100.00,,
     0.448858290,88789,,cache-misses:u,1162720,100.00,,
     0.448858290,1537680,,bus-cycles:u,1162944,100.00,,
     0.448858290,1346265,,instructions:u,1162944,100.00,,
     0.450008120,0,,branch-misses:u,1148128,100.00,,
     0.450008120,97081,,cache-misses:u,1147840,100.00,,
     0.450008120,1528143,,bus-cycles:u,1147616,100.00,,
     0.450008120,1335418,,instructions:u,1147584,100.00,,
     0.451196886,0,,branch-misses:u,1189856,100.00,,
     0.451196886,89468,,cache-misses:u,1190528,100.00,,
     0.451196886,1585533,,bus-cycles:u,1190656,100.00,,
     0.451196886,1382411,,instructions:u,1190720,100.00,,
     0.452349886,0,,branch-misses:u,1151232,100.00,,
     0.452349886,82824,,cache-misses:u,1150688,100.00,,
     0.452349886,1522382,,bus-cycles:u,1150528,100.00,,
     0.452349886,1330659,,instructions:u,1150496,100.00,,
     0.453500099,0,,branch-misses:u,1148896,100.00,,
     0.453500099,91542,,cache-misses:u,1148960,100.00,,
     0.453500099,1529394,,bus-cycles:u,1148960,100.00,,
     0.453500099,1339029,,instructions:u,1148960,100.00,,
     0.454650153,0,,branch-misses:u,1148896,100.00,,
     0.454650153,90269,,cache-misses:u,1148832,100.00,,
     0.454650153,1530493,,bus-cycles:u,1148736,100.00,,
     0.454650153,1336959,,instructions:u,1148800,100.00,,
     0.455798317,1,,branch-misses:u,1148384,100.00,,
     0.455798317,85432,,cache-misses:u,1148384,100.00,,
     0.455798317,1520744,,bus-cycles:u,1148416,100.00,,
     0.455798317,1327394,,instructions:u,1148480,100.00,,
     0.456949107,0,,branch-misses:u,1149856,100.00,,
     0.456949107,75405,,cache-misses:u,1149984,100.00,,
     0.456949107,1530589,,bus-cycles:u,1150112,100.00,,
     0.456949107,1334173,,instructions:u,1150048,100.00,,
     0.458097815,0,,branch-misses:u,1147552,100.00,,
     0.458097815,97014,,cache-misses:u,1147424,100.00,,
     0.458097815,1527036,,bus-cycles:u,1147456,100.00,,
     0.458097815,1334448,,instructions:u,1147456,100.00,,
     0.459246588,0,,branch-misses:u,1147904,100.00,,
     0.459246588,89828,,cache-misses:u,1147840,100.00,,
     0.459246588,1528400,,bus-cycles:u,1147872,100.00,,
     0.459246588,1333647,,instructions:u,1147840,100.00,,
     0.460395969,0,,branch-misses:u,1149344,100.00,,
     0.460395969,89026,,cache-misses:u,1149568,100.00,,
     0.460395969,1522196,,bus-cycles:u,1149472,100.00,,
     0.460395969,1331550,,instructions:u,1149504,100.00,,
     0.461545510,0,,branch-misses:u,1148320,100.00,,
     0.461545510,89355,,cache-misses:u,1148128,100.00,,
     0.461545510,1529322,,bus-cycles:u,1148160,100.00,,
     0.461545510,1331316,,instructions:u,1148224,100.00,,
     0.462693707,0,,branch-misses:u,1147776,100.00,,
     0.462693707,92996,,cache-misses:u,1147872,100.00,,
     0.462693707,1528422,,bus-cycles:u,1147840,100.00,,
     0.462693707,1327293,,instructions:u,1147744,100.00,,
     0.463844048,1,,branch-misses:u,1149664,100.00,,
     0.463844048,85022,,cache-misses:u,1149568,100.00,,
     0.463844048,1521222,,bus-cycles:u,1149664,100.00,,
     0.463844048,1326093,,instructions:u,1149760,100.00,,
     0.464995158,0,,branch-misses:u,1150016,100.00,,
     0.464995158,94095,,cache-misses:u,1150304,100.00,,
     0.464995158,1530879,,bus-cycles:u,1150304,100.00,,
     0.464995158,1337355,,instructions:u,1150240,100.00,,
     0.466144123,0,,branch-misses:u,1147936,100.00,,
     0.466144123,84987,,cache-misses:u,1147648,100.00,,
     0.466144123,1527946,,bus-cycles:u,1147520,100.00,,
     0.466144123,1333710,,instructions:u,1147552,100.00,,
     0.467291743,0,,branch-misses:u,1146784,100.00,,
     0.467291743,97939,,cache-misses:u,1146912,100.00,,
     0.467291743,1527612,,bus-cycles:u,1146944,100.00,,
     0.467291743,1331532,,instructions:u,1146912,100.00,,
     0.468439907,0,,branch-misses:u,1148384,100.00,,
     0.468439907,83827,,cache-misses:u,1148352,100.00,,
     0.468439907,1519379,,bus-cycles:u,1148768,100.00,,
     0.468439907,1324827,,instructions:u,1148736,100.00,,
     0.469591178,0,,branch-misses:u,1149760,100.00,,
     0.469591178,87567,,cache-misses:u,1149664,100.00,,
     0.469591178,1530395,,bus-cycles:u,1149248,100.00,,
     0.469591178,1333121,,instructions:u,1149248,100.00,,
     0.470738990,0,,branch-misses:u,1146944,100.00,,
     0.470738990,91239,,cache-misses:u,1147008,100.00,,
     0.470738990,1527805,,bus-cycles:u,1146976,100.00,,
     0.470738990,1330312,,instructions:u,1147040,100.00,,
     0.471921736,1,,branch-misses:u,1183488,100.00,,
     0.471921736,89416,,cache-misses:u,1183872,100.00,,
     0.471921736,1567382,,bus-cycles:u,1183968,100.00,,
     0.471921736,1366229,,instructions:u,1183968,100.00,,
     0.473076305,0,,branch-misses:u,1152832,100.00,,
     0.473076305,89560,,cache-misses:u,1152512,100.00,,
     0.473076305,1534916,,bus-cycles:u,1152544,100.00,,
     0.473076305,1343011,,instructions:u,1152576,100.00,,
     0.474225109,0,,branch-misses:u,1147840,100.00,,
     0.474225109,85907,,cache-misses:u,1147808,100.00,,
     0.474225109,1528571,,bus-cycles:u,1147840,100.00,,
     0.474225109,1335758,,instructions:u,1147808,100.00,,
     0.475373818,0,,branch-misses:u,1148256,100.00,,
     0.475373818,88943,,cache-misses:u,1148128,100.00,,
     0.475373818,1528860,,bus-cycles:u,1148096,100.00,,
     0.475373818,1333678,,instructions:u,1148064,100.00,,
     0.476523199,0,,branch-misses:u,1148928,100.00,,
     0.476523199,88869,,cache-misses:u,1149024,100.00,,
     0.476523199,1521476,,bus-cycles:u,1148960,100.00,,
     0.476523199,1327491,,instructions:u,1148960,100.00,,
     0.477672932,0,,branch-misses:u,1148064,100.00,,
     0.477672932,89047,,cache-misses:u,1148032,100.00,,
     0.477672932,1528723,,bus-cycles:u,1147968,100.00,,
     0.477672932,1336252,,instructions:u,1147968,100.00,,
     0.478821000,0,,branch-misses:u,1147424,100.00,,
     0.478821000,97357,,cache-misses:u,1147552,100.00,,
     0.478821000,1528727,,bus-cycles:u,1147584,100.00,,
     0.478821000,1333792,,instructions:u,1147648,100.00,,
     0.479970510,11,,branch-misses:u,1151104,100.00,,
     0.479970510,64764,,cache-misses:u,1152032,100.00,,
     0.479970510,1152194,,bus-cycles:u,1151840,100.00,,
     0.479970510,998956,,instructions:u,1151712,100.00,,
     0.480371120,108,,branch-misses:u,338624,100.00,,
     0.480371120,93,,cache-misses:u,334912,100.00,,
     0.480371120,23566,,bus-cycles:u,332544,100.00,,
     0.480371120,1253,,instructions:u,330080,100.00,,
