     0.001079786,897,,branch-misses:u,437632,100.00,,
     0.001079786,315,,cache-misses:u,444832,100.00,,
     0.001079786,83112,,bus-cycles:u,447712,100.00,,
     0.001079786,30103,,instructions:u,451072,100.00,,
     0.002467694,1575,,branch-misses:u,1382592,100.00,,
     0.002467694,23593,,cache-misses:u,1379936,100.00,,
     0.002467694,831762,,bus-cycles:u,1380544,100.00,,
     0.002467694,952973,,instructions:u,1380160,100.00,,
     0.003647073,0,,branch-misses:u,1174400,100.00,,
     0.003647073,31758,,cache-misses:u,1169856,100.00,,
     0.003647073,927544,,bus-cycles:u,1166368,100.00,,
     0.003647073,1234160,,instructions:u,1163392,100.00,,
     0.006069625,0,,branch-misses:u,2053664,100.00,,
     0.006069625,53564,,cache-misses:u,2061568,100.00,,
     0.006069625,1568844,,bus-cycles:u,2068000,100.00,,
     0.006069625,2088140,,instructions:u,2074336,100.00,,
     0.007266825,0,,branch-misses:u,1188128,100.00,,
     0.007266825,18831,,cache-misses:u,1187392,100.00,,
     0.007266825,565006,,bus-cycles:u,1186784,100.00,,
     0.007266825,748340,,instructions:u,1185920,100.00,,
     0.008575007,0,,branch-misses:u,1101536,100.00,,
     0.008575007,2001,,cache-misses:u,1101632,100.00,,
     0.008575007,1262352,,bus-cycles:u,1101664,100.00,,
     0.008575007,2081810,,instructions:u,1102208,100.00,,
     0.009762288,0,,branch-misses:u,1186528,100.00,,
     0.009762288,1882,,cache-misses:u,1186272,100.00,,
     0.009762288,1392312,,bus-cycles:u,1186752,100.00,,
     0.009762288,2306377,,instructions:u,1186208,100.00,,
     0.011058313,8,,branch-misses:u,1297088,100.00,,
     0.011058313,30215,,cache-misses:u,1297280,100.00,,
     0.011058313,1371090,,bus-cycles:u,1297120,100.00,,
     0.011058313,2055608,,instructions:u,1297920,100.00,,
     0.012243163,0,,branch-misses:u,994400,100.00,,
     0.012243163,40999,,cache-misses:u,994944,100.00,,
     0.012243163,1151397,,bus-cycles:u,995328,100.00,,
     0.012243163,1639120,,instructions:u,991648,100.00,,
     0.013438763,0,,branch-misses:u,1177312,100.00,,
     0.013438763,52583,,cache-misses:u,1175904,100.00,,
     0.013438763,1461990,,bus-cycles:u,1175456,100.00,,
     0.013438763,2109240,,instructions:u,1179168,100.00,,
     0.014736707,0,,branch-misses:u,1298208,100.00,,
     0.014736707,9078,,cache-misses:u,1298656,100.00,,
     0.014736707,1621013,,bus-cycles:u,1298176,100.00,,
     0.014736707,2644080,,instructions:u,1297600,100.00,,
     0.015929555,0,,branch-misses:u,1068768,100.00,,
     0.015929555,1847,,cache-misses:u,1061984,100.00,,
     0.015929555,1309632,,bus-cycles:u,1056352,100.00,,
     0.015929555,2161220,,instructions:u,1050624,100.00,,
     0.017141280,1,,branch-misses:u,1140480,100.00,,
     0.017141280,38148,,cache-misses:u,1148736,100.00,,
     0.017141280,1508244,,bus-cycles:u,1156000,100.00,,
     0.017141280,2248085,,instructions:u,1162848,100.00,,
     0.019009750,0,,branch-misses:u,1865248,100.00,,
     0.019009750,88851,,cache-misses:u,1865440,100.00,,
     0.019009750,2473753,,bus-cycles:u,1864192,100.00,,
     0.019009750,3569347,,instructions:u,1863456,100.00,,
     0.020195432,0,,branch-misses:u,1181280,100.00,,
     0.020195432,5602,,cache-misses:u,1180224,100.00,,
     0.020195432,1522470,,bus-cycles:u,1179648,100.00,,
     0.020195432,2480343,,instructions:u,1179136,100.00,,
     0.021374491,0,,branch-misses:u,1176960,100.00,,
     0.021374491,2073,,cache-misses:u,1175520,100.00,,
     0.021374491,1553708,,bus-cycles:u,1174912,100.00,,
     0.021374491,2565440,,instructions:u,1174016,100.00,,
     0.022533811,2,,branch-misses:u,1160416,100.00,,
     0.022533811,47416,,cache-misses:u,1159936,100.00,,
     0.022533811,1535520,,bus-cycles:u,1160448,100.00,,
     0.022533811,2269265,,instructions:u,1160832,100.00,,
     0.023693707,0,,branch-misses:u,1160352,100.00,,
     0.023693707,55465,,cache-misses:u,1160544,100.00,,
     0.023693707,1532709,,bus-cycles:u,1160224,100.00,,
     0.023693707,2217630,,instructions:u,1160064,100.00,,
     0.024853443,0,,branch-misses:u,1162464,100.00,,
     0.024853443,28243,,cache-misses:u,1163264,100.00,,
     0.024853443,1518232,,bus-cycles:u,1163680,100.00,,
     0.024853443,2361450,,instructions:u,1163744,100.00,,
     0.026124002,0,,branch-misses:u,1269696,100.00,,
     0.026124002,2342,,cache-misses:u,1269344,100.00,,
     0.026124002,1682135,,bus-cycles:u,1270208,100.00,,
     0.026124002,2787460,,instructions:u,1270560,100.00,,
     0.027293623,1,,branch-misses:u,1167296,100.00,,
     0.027293623,30134,,cache-misses:u,1166816,100.00,,
     0.027293623,1541256,,bus-cycles:u,1165536,100.00,,
     0.027293623,2379133,,instructions:u,1165248,100.00,,
     0.028457934,0,,branch-misses:u,1167872,100.00,,
     0.028457934,50705,,cache-misses:u,1169920,100.00,,
     0.028457934,1405785,,bus-cycles:u,1170048,100.00,,
     0.028457934,2049102,,instructions:u,1170080,100.00,,
     0.029644704,0,,branch-misses:u,1184224,100.00,,
     0.029644704,49758,,cache-misses:u,1182080,100.00,,
     0.029644704,1563423,,bus-cycles:u,1181536,100.00,,
     0.029644704,2321880,,instructions:u,1181376,100.00,,
     0.030800952,0,,branch-misses:u,1154976,100.00,,
     0.030800952,2079,,cache-misses:u,1155008,100.00,,
     0.030800952,1528399,,bus-cycles:u,1155328,100.00,,
     0.030800952,2535800,,instructions:u,1155264,100.00,,
     0.031960976,0,,branch-misses:u,1163360,100.00,,
     0.031960976,3880,,cache-misses:u,1165056,100.00,,
     0.031960976,1501683,,bus-cycles:u,1164768,100.00,,
     0.031960976,2478180,,instructions:u,1164800,100.00,,
     0.033141699,1,,branch-misses:u,1182368,100.00,,
     0.033141699,56046,,cache-misses:u,1181312,100.00,,
     0.033141699,1562071,,bus-cycles:u,1181664,100.00,,
     0.033141699,2274422,,instructions:u,1181856,100.00,,
     0.034325782,0,,branch-misses:u,1181952,100.00,,
     0.034325782,56357,,cache-misses:u,1181312,100.00,,
     0.034325782,1561332,,bus-cycles:u,1181216,100.00,,
     0.034325782,2279753,,instructions:u,1181184,100.00,,
     0.035497131,0,,branch-misses:u,1171488,100.00,,
     0.035497131,16507,,cache-misses:u,1171520,100.00,,
     0.035497131,1549035,,bus-cycles:u,1171680,100.00,,
     0.035497131,2485910,,instructions:u,1171744,100.00,,
     0.036660866,0,,branch-misses:u,1165856,100.00,,
     0.036660866,2224,,cache-misses:u,1167424,100.00,,
     0.036660866,1528168,,bus-cycles:u,1167904,100.00,,
     0.036660866,2531910,,instructions:u,1167840,100.00,,
     0.037843316,1,,branch-misses:u,1180544,100.00,,
     0.037843316,37875,,cache-misses:u,1178976,100.00,,
     0.037843316,1557828,,bus-cycles:u,1178592,100.00,,
     0.037843316,2372595,,instructions:u,1178560,100.00,,
     0.039005964,0,,branch-misses:u,1162624,100.00,,
     0.039005964,55280,,cache-misses:u,1162240,100.00,,
     0.039005964,1535164,,bus-cycles:u,1162144,100.00,,
     0.039005964,2225974,,instructions:u,1162112,100.00,,
     0.040166211,0,,branch-misses:u,1162432,100.00,,
     0.040166211,37459,,cache-misses:u,1163232,100.00,,
     0.040166211,1523256,,bus-cycles:u,1162976,100.00,,
     0.040166211,2314357,,instructions:u,1162912,100.00,,
     0.041333561,0,,branch-misses:u,1165664,100.00,,
     0.041333561,100,,cache-misses:u,1164896,100.00,,
     0.041333561,1541916,,bus-cycles:u,1165376,100.00,,
     0.041333561,2563499,,instructions:u,1165120,100.00,,
     0.042492050,1,,branch-misses:u,1157504,100.00,,
     0.042492050,16197,,cache-misses:u,1157504,100.00,,
     0.042492050,1531995,,bus-cycles:u,1157248,100.00,,
     0.042492050,2449925,,instructions:u,1157440,100.00,,
     0.043646443,0,,branch-misses:u,1154752,100.00,,
     0.043646443,55180,,cache-misses:u,1154848,100.00,,
     0.043646443,1527827,,bus-cycles:u,1154688,100.00,,
     0.043646443,2213380,,instructions:u,1154944,100.00,,
     0.044804803,0,,branch-misses:u,1161792,100.00,,
     0.044804803,54913,,cache-misses:u,1162880,100.00,,
     0.044804803,1521970,,bus-cycles:u,1163200,100.00,,
     0.044804803,2209523,,instructions:u,1163808,100.00,,
     0.045978807,0,,branch-misses:u,1172384,100.00,,
     0.045978807,7150,,cache-misses:u,1171808,100.00,,
     0.045978807,1548964,,bus-cycles:u,1171456,100.00,,
     0.045978807,2538117,,instructions:u,1170656,100.00,,
     0.047200353,0,,branch-misses:u,1223968,100.00,,
     0.047200353,2221,,cache-misses:u,1224800,100.00,,
     0.047200353,1620866,,bus-cycles:u,1225312,100.00,,
     0.047200353,2686560,,instructions:u,1225440,100.00,,
     0.048369719,1,,branch-misses:u,1168256,100.00,,
     0.048369719,49800,,cache-misses:u,1167040,100.00,,
     0.048369719,1529794,,bus-cycles:u,1167296,100.00,,
     0.048369719,2241114,,instructions:u,1167648,100.00,,
     0.049536717,0,,branch-misses:u,1166016,100.00,,
     0.049536717,55549,,cache-misses:u,1166016,100.00,,
     0.049536717,1541302,,bus-cycles:u,1165824,100.00,,
     0.049536717,2232741,,instructions:u,1165504,100.00,,
     0.050693798,0,,branch-misses:u,1156864,100.00,,
     0.050693798,25949,,cache-misses:u,1156928,100.00,,
     0.050693798,1529612,,bus-cycles:u,1156576,100.00,,
     0.050693798,2393890,,instructions:u,1156640,100.00,,
     0.051849598,0,,branch-misses:u,1158240,100.00,,
     0.051849598,2432,,cache-misses:u,1158848,100.00,,
     0.051849598,1519680,,bus-cycles:u,1158976,100.00,,
     0.051849598,2518880,,instructions:u,1158880,100.00,,
     0.053023347,1,,branch-misses:u,1173760,100.00,,
     0.053023347,27808,,cache-misses:u,1173376,100.00,,
     0.053023347,1551427,,bus-cycles:u,1173152,100.00,,
     0.053023347,2411825,,instructions:u,1173056,100.00,,
     0.054183019,0,,branch-misses:u,1158688,100.00,,
     0.054183019,55223,,cache-misses:u,1159200,100.00,,
     0.054183019,1531753,,bus-cycles:u,1159264,100.00,,
     0.054183019,2220120,,instructions:u,1159200,100.00,,
     0.055340195,0,,branch-misses:u,1157088,100.00,,
     0.055340195,48540,,cache-misses:u,1156800,100.00,,
     0.055340195,1528066,,bus-cycles:u,1156736,100.00,,
     0.055340195,2253590,,instructions:u,1156800,100.00,,
     0.056498108,0,,branch-misses:u,1160512,100.00,,
     0.056498108,1916,,cache-misses:u,1160288,100.00,,
     0.056498108,1514871,,bus-cycles:u,1160640,100.00,,
     0.056498108,2510550,,instructions:u,1160672,100.00,,
     0.057664818,0,,branch-misses:u,1165504,100.00,,
     0.057664818,4870,,cache-misses:u,1165152,100.00,,
     0.057664818,1540524,,bus-cycles:u,1164896,100.00,,
     0.057664818,2534600,,instructions:u,1164960,100.00,,
     0.058824586,1,,branch-misses:u,1159840,100.00,,
     0.058824586,55189,,cache-misses:u,1160128,100.00,,
     0.058824586,1534986,,bus-cycles:u,1160320,100.00,,
     0.058824586,2221982,,instructions:u,1160704,100.00,,
     0.059984993,0,,branch-misses:u,1161824,100.00,,
     0.059984993,54876,,cache-misses:u,1162240,100.00,,
     0.059984993,1522680,,bus-cycles:u,1162432,100.00,,
     0.059984993,2207473,,instructions:u,1161952,100.00,,
     0.061150328,0,,branch-misses:u,1163616,100.00,,
     0.061150328,18680,,cache-misses:u,1162816,100.00,,
     0.061150328,1536497,,bus-cycles:u,1162144,100.00,,
     0.061150328,2446490,,instructions:u,1162272,100.00,,
     0.062307280,0,,branch-misses:u,1157408,100.00,,
     0.062307280,1949,,cache-misses:u,1157216,100.00,,
     0.062307280,1530042,,bus-cycles:u,1157312,100.00,,
     0.062307280,2536900,,instructions:u,1157344,100.00,,
     0.063463081,1,,branch-misses:u,1156480,100.00,,
     0.063463081,34467,,cache-misses:u,1156512,100.00,,
     0.063463081,1528899,,bus-cycles:u,1156928,100.00,,
     0.063463081,2337695,,instructions:u,1156960,100.00,,
     0.064622241,0,,branch-misses:u,1162624,100.00,,
     0.064622241,54899,,cache-misses:u,1163648,100.00,,
     0.064622241,1523647,,bus-cycles:u,1163680,100.00,,
     0.064622241,2213180,,instructions:u,1163424,100.00,,
     0.065793846,0,,branch-misses:u,1168992,100.00,,
     0.065793846,41345,,cache-misses:u,1168416,100.00,,
     0.065793846,1544145,,bus-cycles:u,1168032,100.00,,
     0.065793846,2328950,,instructions:u,1168128,100.00,,
     0.066952398,0,,branch-misses:u,1157632,100.00,,
     0.066952398,2099,,cache-misses:u,1157536,100.00,,
     0.066952398,1530600,,bus-cycles:u,1157568,100.00,,
     0.066952398,2538160,,instructions:u,1157472,100.00,,
     0.068110183,1,,branch-misses:u,1160160,100.00,,
     0.068110183,11864,,cache-misses:u,1160736,100.00,,
     0.068110183,1521012,,bus-cycles:u,1160960,100.00,,
     0.068110183,2458679,,instructions:u,1161248,100.00,,
     0.069333200,0,,branch-misses:u,1224640,100.00,,
     0.069333200,58238,,cache-misses:u,1224480,100.00,,
     0.069333200,1619308,,bus-cycles:u,1224512,100.00,,
     0.069333200,2346886,,instructions:u,1224352,100.00,,
     0.070498375,0,,branch-misses:u,1163936,100.00,,
     0.070498375,55502,,cache-misses:u,1164128,100.00,,
     0.070498375,1539167,,bus-cycles:u,1163840,100.00,,
     0.070498375,2230370,,instructions:u,1164288,100.00,,
     0.071660542,0,,branch-misses:u,1163744,100.00,,
     0.071660542,7705,,cache-misses:u,1163552,100.00,,
     0.071660542,1537993,,bus-cycles:u,1163712,100.00,,
     0.071660542,2516533,,instructions:u,1163808,100.00,,
     0.072828436,0,,branch-misses:u,1170368,100.00,,
     0.072828436,2144,,cache-misses:u,1170976,100.00,,
     0.072828436,1535016,,bus-cycles:u,1171360,100.00,,
     0.072828436,2539607,,instructions:u,1171008,100.00,,
     0.074009671,1,,branch-misses:u,1178688,100.00,,
     0.074009671,46999,,cache-misses:u,1178656,100.00,,
     0.074009671,1555614,,bus-cycles:u,1178368,100.00,,
     0.074009671,2303515,,instructions:u,1178080,100.00,,
     0.075174750,0,,branch-misses:u,1164992,100.00,,
     0.075174750,55509,,cache-misses:u,1164128,100.00,,
     0.075174750,1538046,,bus-cycles:u,1164032,100.00,,
     0.075174750,2224578,,instructions:u,1164128,100.00,,
     0.076340468,0,,branch-misses:u,1167520,100.00,,
     0.076340468,28773,,cache-misses:u,1169472,100.00,,
     0.076340468,1530835,,bus-cycles:u,1169312,100.00,,
     0.076340468,2378352,,instructions:u,1169344,100.00,,
     0.077514153,0,,branch-misses:u,1171040,100.00,,
     0.077514153,2236,,cache-misses:u,1169728,100.00,,
     0.077514153,1546579,,bus-cycles:u,1170016,100.00,,
     0.077514153,2562950,,instructions:u,1169952,100.00,,
     0.078672609,1,,branch-misses:u,1159104,100.00,,
     0.078672609,24868,,cache-misses:u,1158944,100.00,,
     0.078672609,1531816,,bus-cycles:u,1158912,100.00,,
     0.078672609,2398445,,instructions:u,1159104,100.00,,
     0.079829050,0,,branch-misses:u,1158784,100.00,,
     0.079829050,54762,,cache-misses:u,1159296,100.00,,
     0.079829050,1520166,,bus-cycles:u,1159776,100.00,,
     0.079829050,2199818,,instructions:u,1159712,100.00,,
     0.081005582,0,,branch-misses:u,1175296,100.00,,
     0.081005582,51771,,cache-misses:u,1174304,100.00,,
     0.081005582,1551650,,bus-cycles:u,1173536,100.00,,
     0.081005582,2271722,,instructions:u,1173472,100.00,,
     0.082167493,0,,branch-misses:u,1160608,100.00,,
     0.082167493,1784,,cache-misses:u,1160672,100.00,,
     0.082167493,1534279,,bus-cycles:u,1161280,100.00,,
     0.082167493,2544234,,instructions:u,1161344,100.00,,
     0.083325117,0,,branch-misses:u,1158784,100.00,,
     0.083325117,2751,,cache-misses:u,1159104,100.00,,
     0.083325117,1532556,,bus-cycles:u,1158816,100.00,,
     0.083325117,2533336,,instructions:u,1159072,100.00,,
     0.084488916,1,,branch-misses:u,1167136,100.00,,
     0.084488916,54768,,cache-misses:u,1167456,100.00,,
     0.084488916,1530566,,bus-cycles:u,1167360,100.00,,
     0.084488916,2212512,,instructions:u,1167520,100.00,,
     0.085660106,0,,branch-misses:u,1169600,100.00,,
     0.085660106,55772,,cache-misses:u,1168800,100.00,,
     0.085660106,1545332,,bus-cycles:u,1168672,100.00,,
     0.085660106,2237743,,instructions:u,1168224,100.00,,
     0.086820033,0,,branch-misses:u,1157888,100.00,,
     0.086820033,20482,,cache-misses:u,1158368,100.00,,
     0.086820033,1532201,,bus-cycles:u,1158368,100.00,,
     0.086820033,2425780,,instructions:u,1158208,100.00,,
     0.087984760,0,,branch-misses:u,1168896,100.00,,
     0.087984760,2098,,cache-misses:u,1171616,100.00,,
     0.087984760,1536940,,bus-cycles:u,1172608,100.00,,
     0.087984760,2546460,,instructions:u,1173664,100.00,,
     0.089223742,1,,branch-misses:u,1237376,100.00,,
     0.089223742,36534,,cache-misses:u,1235360,100.00,,
     0.089223742,1634135,,bus-cycles:u,1235360,100.00,,
     0.089223742,2493355,,instructions:u,1235264,100.00,,
     0.090516248,0,,branch-misses:u,1293984,100.00,,
     0.090516248,61802,,cache-misses:u,1294208,100.00,,
     0.090516248,1712730,,bus-cycles:u,1295168,100.00,,
     0.090516248,2473776,,instructions:u,1295936,100.00,,
     0.091748383,0,,branch-misses:u,1231232,100.00,,
     0.091748383,33832,,cache-misses:u,1231072,100.00,,
     0.091748383,1626107,,bus-cycles:u,1230528,100.00,,
     0.091748383,2496858,,instructions:u,1229952,100.00,,
     0.093006688,0,,branch-misses:u,1260576,100.00,,
     0.093006688,1800,,cache-misses:u,1261440,100.00,,
     0.093006688,1652850,,bus-cycles:u,1261184,100.00,,
     0.093006688,2734326,,instructions:u,1261088,100.00,,
     0.094240263,1,,branch-misses:u,1231904,100.00,,
     0.094240263,29962,,cache-misses:u,1231328,100.00,,
     0.094240263,1627245,,bus-cycles:u,1231616,100.00,,
     0.094240263,2514245,,instructions:u,1232128,100.00,,
     0.095469167,0,,branch-misses:u,1228736,100.00,,
     0.095469167,58581,,cache-misses:u,1228544,100.00,,
     0.095469167,1622393,,bus-cycles:u,1228288,100.00,,
     0.095469167,2334717,,instructions:u,1227872,100.00,,
     0.096693817,0,,branch-misses:u,1227264,100.00,,
     0.096693817,43324,,cache-misses:u,1228736,100.00,,
     0.096693817,1606717,,bus-cycles:u,1229184,100.00,,
     0.096693817,2393243,,instructions:u,1229600,100.00,,
     0.097933694,0,,branch-misses:u,1238464,100.00,,
     0.097933694,2219,,cache-misses:u,1236960,100.00,,
     0.097933694,1633474,,bus-cycles:u,1236960,100.00,,
     0.097933694,2681520,,instructions:u,1236832,100.00,,
     0.099159527,1,,branch-misses:u,1225504,100.00,,
     0.099159527,18081,,cache-misses:u,1225344,100.00,,
     0.099159527,1618210,,bus-cycles:u,1224864,100.00,,
     0.099159527,2567818,,instructions:u,1224480,100.00,,
     0.100383664,0,,branch-misses:u,1225312,100.00,,
     0.100383664,57504,,cache-misses:u,1225312,100.00,,
     0.100383664,1602819,,bus-cycles:u,1225344,100.00,,
     0.100383664,2317267,,instructions:u,1225664,100.00,,
     0.101616823,0,,branch-misses:u,1233152,100.00,,
     0.101616823,56066,,cache-misses:u,1232992,100.00,,
     0.101616823,1627260,,bus-cycles:u,1233408,100.00,,
     0.101616823,2373220,,instructions:u,1233088,100.00,,
     0.102840577,0,,branch-misses:u,1223840,100.00,,
     0.102840577,2083,,cache-misses:u,1223904,100.00,,
     0.102840577,1615743,,bus-cycles:u,1223968,100.00,,
     0.102840577,2656356,,instructions:u,1224000,100.00,,
     0.104063722,0,,branch-misses:u,1224640,100.00,,
     0.104063722,5791,,cache-misses:u,1226016,100.00,,
     0.104063722,1602785,,bus-cycles:u,1225344,100.00,,
     0.104063722,2618653,,instructions:u,1226368,100.00,,
     0.105299568,1,,branch-misses:u,1234688,100.00,,
     0.105299568,58367,,cache-misses:u,1233408,100.00,,
     0.105299568,1628407,,bus-cycles:u,1233536,100.00,,
     0.105299568,2351266,,instructions:u,1232576,100.00,,
     0.106523354,0,,branch-misses:u,1223648,100.00,,
     0.106523354,58184,,cache-misses:u,1223232,100.00,,
     0.106523354,1615297,,bus-cycles:u,1223488,100.00,,
     0.106523354,2334200,,instructions:u,1223456,100.00,,
     0.107745923,0,,branch-misses:u,1222176,100.00,,
     0.107745923,11722,,cache-misses:u,1222528,100.00,,
     0.107745923,1614066,,bus-cycles:u,1222752,100.00,,
     0.107745923,2612550,,instructions:u,1223392,100.00,,
     0.108996039,0,,branch-misses:u,1254048,100.00,,
     0.108996039,2400,,cache-misses:u,1255360,100.00,,
     0.108996039,1646388,,bus-cycles:u,1255552,100.00,,
     0.108996039,2710420,,instructions:u,1255104,100.00,,
     0.110225551,1,,branch-misses:u,1227168,100.00,,
     0.110225551,51418,,cache-misses:u,1225760,100.00,,
     0.110225551,1618437,,bus-cycles:u,1225984,100.00,,
     0.110225551,2374248,,instructions:u,1226176,100.00,,
     0.111450775,0,,branch-misses:u,1224736,100.00,,
     0.111450775,58290,,cache-misses:u,1224672,100.00,,
     0.111450775,1616015,,bus-cycles:u,1224416,100.00,,
     0.111450775,2339097,,instructions:u,1224032,100.00,,
     0.112673953,0,,branch-misses:u,1225376,100.00,,
     0.112673953,22495,,cache-misses:u,1226432,100.00,,
     0.112673953,1602378,,bus-cycles:u,1226336,100.00,,
     0.112673953,2515583,,instructions:u,1226816,100.00,,
     0.113951646,0,,branch-misses:u,1277344,100.00,,
     0.113951646,1926,,cache-misses:u,1277568,100.00,,
     0.113951646,1684823,,bus-cycles:u,1277120,100.00,,
     0.113951646,2776407,,instructions:u,1277248,100.00,,
     0.115178374,1,,branch-misses:u,1227072,100.00,,
     0.115178374,40882,,cache-misses:u,1225888,100.00,,
     0.115178374,1617496,,bus-cycles:u,1225760,100.00,,
     0.115178374,2429615,,instructions:u,1225760,100.00,,
     0.116404047,0,,branch-misses:u,1227680,100.00,,
     0.116404047,57153,,cache-misses:u,1228928,100.00,,
     0.116404047,1602803,,bus-cycles:u,1229536,100.00,,
     0.116404047,2314680,,instructions:u,1229600,100.00,,
     0.117641078,0,,branch-misses:u,1236352,100.00,,
     0.117641078,33521,,cache-misses:u,1235232,100.00,,
     0.117641078,1626992,,bus-cycles:u,1234944,100.00,,
     0.117641078,2501380,,instructions:u,1234304,100.00,,
     0.118866431,0,,branch-misses:u,1223904,100.00,,
     0.118866431,2120,,cache-misses:u,1223712,100.00,,
     0.118866431,1615804,,bus-cycles:u,1223808,100.00,,
     0.118866431,2662670,,instructions:u,1223904,100.00,,
     0.120089064,1,,branch-misses:u,1199040,100.00,,
     0.120089064,25539,,cache-misses:u,1199808,100.00,,
     0.120089064,1538487,,bus-cycles:u,1199328,100.00,,
     0.120089064,2375815,,instructions:u,1199808,100.00,,
     0.121322479,0,,branch-misses:u,1231616,100.00,,
     0.121322479,58561,,cache-misses:u,1231072,100.00,,
     0.121322479,1625625,,bus-cycles:u,1231552,100.00,,
     0.121322479,2342827,,instructions:u,1231424,100.00,,
     0.122548184,0,,branch-misses:u,1225728,100.00,,
     0.122548184,47739,,cache-misses:u,1226112,100.00,,
     0.122548184,1616967,,bus-cycles:u,1225664,100.00,,
     0.122548184,2395884,,instructions:u,1225664,100.00,,
     0.123771937,0,,branch-misses:u,1223776,100.00,,
     0.123771937,2318,,cache-misses:u,1223616,100.00,,
     0.123771937,1614428,,bus-cycles:u,1223968,100.00,,
     0.123771937,2645369,,instructions:u,1223904,100.00,,
     0.125017286,1,,branch-misses:u,1246496,100.00,,
     0.125017286,13191,,cache-misses:u,1248352,100.00,,
     0.125017286,1617554,,bus-cycles:u,1248160,100.00,,
     0.125017286,2579665,,instructions:u,1248512,100.00,,
     0.126245902,0,,branch-misses:u,1229152,100.00,,
     0.126245902,58153,,cache-misses:u,1226752,100.00,,
     0.126245902,1617586,,bus-cycles:u,1226560,100.00,,
     0.126245902,2331900,,instructions:u,1225920,100.00,,
     0.127469463,0,,branch-misses:u,1222240,100.00,,
     0.127469463,58272,,cache-misses:u,1222368,100.00,,
     0.127469463,1615275,,bus-cycles:u,1222624,100.00,,
     0.127469463,2336200,,instructions:u,1222688,100.00,,
     0.128691169,0,,branch-misses:u,1224576,100.00,,
     0.128691169,4517,,cache-misses:u,1227008,100.00,,
     0.128691169,1599207,,bus-cycles:u,1226784,100.00,,
     0.128691169,2618270,,instructions:u,1226528,100.00,,
     0.129926503,0,,branch-misses:u,1233728,100.00,,
     0.129926503,2433,,cache-misses:u,1231968,100.00,,
     0.129926503,1626414,,bus-cycles:u,1232128,100.00,,
     0.129926503,2661756,,instructions:u,1232320,100.00,,
     0.131149617,1,,branch-misses:u,1223776,100.00,,
     0.131149617,56358,,cache-misses:u,1223328,100.00,,
     0.131149617,1614282,,bus-cycles:u,1223712,100.00,,
     0.131149617,2332699,,instructions:u,1223680,100.00,,
     0.132390518,2,,branch-misses:u,1195168,100.00,,
     0.132390518,42131,,cache-misses:u,1188416,100.00,,
     0.132390518,1177743,,bus-cycles:u,1181824,100.00,,
     0.132390518,1699760,,instructions:u,1175680,100.00,,
     0.133592293,0,,branch-misses:u,786880,100.00,,
     0.133592293,31273,,cache-misses:u,790784,100.00,,
     0.133592293,1026274,,bus-cycles:u,793440,100.00,,
     0.133592293,1502961,,instructions:u,795872,100.00,,
     0.134744446,0,,branch-misses:u,1151200,100.00,,
     0.134744446,144,,cache-misses:u,1150944,100.00,,
     0.134744446,1526474,,bus-cycles:u,1150784,100.00,,
     0.134744446,2537439,,instructions:u,1151328,100.00,,
     0.135922930,0,,branch-misses:u,1181184,100.00,,
     0.135922930,2699,,cache-misses:u,1181888,100.00,,
     0.135922930,1517997,,bus-cycles:u,1183712,100.00,,
     0.135922930,2501070,,instructions:u,1183424,100.00,,
     0.137086441,3,,branch-misses:u,1162176,100.00,,
     0.137086441,54888,,cache-misses:u,1161248,100.00,,
     0.137086441,1537025,,bus-cycles:u,1159488,100.00,,
     0.137086441,2227505,,instructions:u,1159392,100.00,,
     0.138235299,0,,branch-misses:u,1149312,100.00,,
     0.138235299,54639,,cache-misses:u,1149536,100.00,,
     0.138235299,1523652,,bus-cycles:u,1149664,100.00,,
     0.138235299,2214730,,instructions:u,1149696,100.00,,
     0.139382110,0,,branch-misses:u,1145728,100.00,,
     0.139382110,20251,,cache-misses:u,1145216,100.00,,
     0.139382110,1520604,,bus-cycles:u,1145088,100.00,,
     0.139382110,2408051,,instructions:u,1144960,100.00,,
     0.140529752,1,,branch-misses:u,1149952,100.00,,
     0.140529752,1037,,cache-misses:u,1151584,100.00,,
     0.140529752,1486691,,bus-cycles:u,1151648,100.00,,
     0.140529752,2464779,,instructions:u,1151744,100.00,,
     0.141692528,2,,branch-misses:u,1161984,100.00,,
     0.141692528,31092,,cache-misses:u,1160960,100.00,,
     0.141692528,1540682,,bus-cycles:u,1160896,100.00,,
     0.141692528,2364326,,instructions:u,1160800,100.00,,
     0.142842538,0,,branch-misses:u,1150304,100.00,,
     0.142842538,54998,,cache-misses:u,1149824,100.00,,
     0.142842538,1525933,,bus-cycles:u,1149792,100.00,,
     0.142842538,2213109,,instructions:u,1149952,100.00,,
     0.143990756,0,,branch-misses:u,1148160,100.00,,
     0.143990756,44922,,cache-misses:u,1148544,100.00,,
     0.143990756,1507961,,bus-cycles:u,1148512,100.00,,
     0.143990756,2246260,,instructions:u,1148384,100.00,,
     0.145147965,0,,branch-misses:u,1156640,100.00,,
     0.145147965,2013,,cache-misses:u,1156768,100.00,,
     0.145147965,1536709,,bus-cycles:u,1156864,100.00,,
     0.145147965,2543160,,instructions:u,1156928,100.00,,
     0.146297783,0,,branch-misses:u,1150176,100.00,,
     0.146297783,7516,,cache-misses:u,1149824,100.00,,
     0.146297783,1526499,,bus-cycles:u,1149856,100.00,,
     0.146297783,2495090,,instructions:u,1149856,100.00,,
     0.147442706,1,,branch-misses:u,1145888,100.00,,
     0.147442706,54491,,cache-misses:u,1145568,100.00,,
     0.147442706,1519656,,bus-cycles:u,1145536,100.00,,
     0.147442706,2204175,,instructions:u,1145504,100.00,,
     0.148593548,0,,branch-misses:u,1153120,100.00,,
     0.148593548,54264,,cache-misses:u,1154848,100.00,,
     0.148593548,1513147,,bus-cycles:u,1154880,100.00,,
     0.148593548,2194293,,instructions:u,1154976,100.00,,
     0.149754403,0,,branch-misses:u,1158592,100.00,,
     0.149754403,16380,,cache-misses:u,1157312,100.00,,
     0.149754403,1536613,,bus-cycles:u,1157920,100.00,,
     0.149754403,2461577,,instructions:u,1157760,100.00,,
     0.150903198,0,,branch-misses:u,1148672,100.00,,
     0.150903198,1994,,cache-misses:u,1148192,100.00,,
     0.150903198,1523901,,bus-cycles:u,1147552,100.00,,
     0.150903198,2525120,,instructions:u,1147584,100.00,,
     0.152050488,1,,branch-misses:u,1149568,100.00,,
     0.152050488,35711,,cache-misses:u,1150112,100.00,,
     0.152050488,1511748,,bus-cycles:u,1150176,100.00,,
     0.152050488,2300185,,instructions:u,1150176,100.00,,
     0.153209233,0,,branch-misses:u,1158336,100.00,,
     0.153209233,55381,,cache-misses:u,1158208,100.00,,
     0.153209233,1536640,,bus-cycles:u,1158176,100.00,,
     0.153209233,2228142,,instructions:u,1158304,100.00,,
     0.154364265,0,,branch-misses:u,1154944,100.00,,
     0.154364265,39486,,cache-misses:u,1154624,100.00,,
     0.154364265,1532321,,bus-cycles:u,1154592,100.00,,
     0.154364265,2315998,,instructions:u,1154496,100.00,,
     0.155514883,0,,branch-misses:u,1150176,100.00,,
     0.155514883,1996,,cache-misses:u,1150912,100.00,,
     0.155514883,1528011,,bus-cycles:u,1150848,100.00,,
     0.155514883,2532070,,instructions:u,1150848,100.00,,
     0.156740716,1,,branch-misses:u,1233760,100.00,,
     0.156740716,16761,,cache-misses:u,1235328,100.00,,
     0.156740716,1625925,,bus-cycles:u,1236032,100.00,,
     0.156740716,2597725,,instructions:u,1236096,100.00,,
     0.157917184,0,,branch-misses:u,1170240,100.00,,
     0.157917184,55285,,cache-misses:u,1168864,100.00,,
     0.157917184,1548630,,bus-cycles:u,1168256,100.00,,
     0.157917184,2241950,,instructions:u,1168256,100.00,,
     0.159066043,0,,branch-misses:u,1149888,100.00,,
     0.159066043,54797,,cache-misses:u,1149184,100.00,,
     0.159066043,1521832,,bus-cycles:u,1149152,100.00,,
     0.159066043,2200930,,instructions:u,1149088,100.00,,
     0.160215797,0,,branch-misses:u,1150208,100.00,,
     0.160215797,6115,,cache-misses:u,1150560,100.00,,
     0.160215797,1509403,,bus-cycles:u,1150528,100.00,,
     0.160215797,2477267,,instructions:u,1150688,100.00,,
     0.161373805,0,,branch-misses:u,1156416,100.00,,
     0.161373805,2002,,cache-misses:u,1156608,100.00,,
     0.161373805,1535160,,bus-cycles:u,1156640,100.00,,
     0.161373805,2545323,,instructions:u,1156480,100.00,,
     0.162521768,1,,branch-misses:u,1147648,100.00,,
     0.162521768,46013,,cache-misses:u,1146912,100.00,,
     0.162521768,1523138,,bus-cycles:u,1146976,100.00,,
     0.162521768,2249105,,instructions:u,1147072,100.00,,
     0.163667683,0,,branch-misses:u,1146368,100.00,,
     0.163667683,54806,,cache-misses:u,1146368,100.00,,
     0.163667683,1522467,,bus-cycles:u,1146336,100.00,,
     0.163667683,2203100,,instructions:u,1146368,100.00,,
     0.164815741,0,,branch-misses:u,1152768,100.00,,
     0.164815741,30265,,cache-misses:u,1154112,100.00,,
     0.164815741,1515938,,bus-cycles:u,1154144,100.00,,
     0.164815741,2342190,,instructions:u,1154208,100.00,,
     0.165981588,0,,branch-misses:u,1161920,100.00,,
     0.165981588,2061,,cache-misses:u,1160640,100.00,,
     0.165981588,1541715,,bus-cycles:u,1160544,100.00,,
     0.165981588,2555030,,instructions:u,1160320,100.00,,
     0.167129806,1,,branch-misses:u,1148544,100.00,,
     0.167129806,22469,,cache-misses:u,1148512,100.00,,
     0.167129806,1525210,,bus-cycles:u,1149024,100.00,,
     0.167129806,2402133,,instructions:u,1149120,100.00,,
     0.168279496,0,,branch-misses:u,1151840,100.00,,
     0.168279496,54525,,cache-misses:u,1152480,100.00,,
     0.168279496,1509515,,bus-cycles:u,1152032,100.00,,
     0.168279496,2180302,,instructions:u,1152032,100.00,,
     0.169435905,0,,branch-misses:u,1155200,100.00,,
     0.169435905,54473,,cache-misses:u,1154752,100.00,,
     0.169435905,1534001,,bus-cycles:u,1154720,100.00,,
     0.169435905,2228004,,instructions:u,1154592,100.00,,
     0.170583835,0,,branch-misses:u,1147552,100.00,,
     0.170583835,1725,,cache-misses:u,1147264,100.00,,
     0.170583835,1523801,,bus-cycles:u,1147264,100.00,,
     0.170583835,2526656,,instructions:u,1147360,100.00,,
     0.171730806,0,,branch-misses:u,1147232,100.00,,
     0.171730806,2028,,cache-misses:u,1147296,100.00,,
     0.171730806,1523731,,bus-cycles:u,1147264,100.00,,
     0.171730806,2523600,,instructions:u,1147264,100.00,,
     0.172906954,1,,branch-misses:u,1178624,100.00,,
     0.172906954,52075,,cache-misses:u,1179424,100.00,,
     0.172906954,1549173,,bus-cycles:u,1179488,100.00,,
     0.172906954,2257125,,instructions:u,1179552,100.00,,
     0.174065666,0,,branch-misses:u,1157920,100.00,,
     0.174065666,55606,,cache-misses:u,1157664,100.00,,
     0.174065666,1536677,,bus-cycles:u,1157664,100.00,,
     0.174065666,2223050,,instructions:u,1157568,100.00,,
     0.175216668,0,,branch-misses:u,1149984,100.00,,
     0.175216668,24260,,cache-misses:u,1149568,100.00,,
     0.175216668,1526762,,bus-cycles:u,1149600,100.00,,
     0.175216668,2393530,,instructions:u,1149664,100.00,,
     0.176367254,0,,branch-misses:u,1153376,100.00,,
     0.176367254,2213,,cache-misses:u,1153984,100.00,,
     0.176367254,1517803,,bus-cycles:u,1154144,100.00,,
     0.176367254,2510852,,instructions:u,1154112,100.00,,
     0.177529581,1,,branch-misses:u,1160000,100.00,,
     0.177529581,28765,,cache-misses:u,1159552,100.00,,
     0.177529581,1539589,,bus-cycles:u,1159392,100.00,,
     0.177529581,2386923,,instructions:u,1159456,100.00,,
     0.178741433,0,,branch-misses:u,1213856,100.00,,
     0.178741433,58112,,cache-misses:u,1214112,100.00,,
     0.178741433,1612000,,bus-cycles:u,1213984,100.00,,
     0.178741433,2335488,,instructions:u,1214080,100.00,,
     0.179895027,0,,branch-misses:u,1152800,100.00,,
     0.179895027,44330,,cache-misses:u,1152608,100.00,,
     0.179895027,1517068,,bus-cycles:u,1152768,100.00,,
     0.179895027,2256532,,instructions:u,1152608,100.00,,
     0.181054698,0,,branch-misses:u,1160160,100.00,,
     0.181054698,2223,,cache-misses:u,1159968,100.00,,
     0.181054698,1540603,,bus-cycles:u,1159840,100.00,,
     0.181054698,2553320,,instructions:u,1159808,100.00,,
     0.182203557,0,,branch-misses:u,1148992,100.00,,
     0.182203557,8782,,cache-misses:u,1149248,100.00,,
     0.182203557,1527003,,bus-cycles:u,1149344,100.00,,
     0.182203557,2488760,,instructions:u,1149408,100.00,,
     0.183353151,1,,branch-misses:u,1149888,100.00,,
     0.183353151,55015,,cache-misses:u,1149440,100.00,,
     0.183353151,1526528,,bus-cycles:u,1149440,100.00,,
     0.183353151,2211075,,instructions:u,1149408,100.00,,
     0.184502233,0,,branch-misses:u,1150528,100.00,,
     0.184502233,54539,,cache-misses:u,1150688,100.00,,
     0.184502233,1516406,,bus-cycles:u,1150624,100.00,,
     0.184502233,2196050,,instructions:u,1150624,100.00,,
     0.185660146,0,,branch-misses:u,1156768,100.00,,
     0.185660146,15622,,cache-misses:u,1157024,100.00,,
     0.185660146,1536787,,bus-cycles:u,1156928,100.00,,
     0.185660146,2466710,,instructions:u,1156896,100.00,,
     0.186813707,0,,branch-misses:u,1153856,100.00,,
     0.186813707,1912,,cache-misses:u,1153696,100.00,,
     0.186813707,1532257,,bus-cycles:u,1153792,100.00,,
     0.186813707,2539810,,instructions:u,1153728,100.00,,
     0.187962277,1,,branch-misses:u,1149824,100.00,,
     0.187962277,37117,,cache-misses:u,1149728,100.00,,
     0.187962277,1510784,,bus-cycles:u,1149600,100.00,,
     0.187962277,2286095,,instructions:u,1149632,100.00,,
     0.189116670,0,,branch-misses:u,1154784,100.00,,
     0.189116670,55505,,cache-misses:u,1154752,100.00,,
     0.189116670,1533624,,bus-cycles:u,1154880,100.00,,
     0.189116670,2220208,,instructions:u,1154912,100.00,,
     0.190265657,0,,branch-misses:u,1148128,100.00,,
     0.190265657,38425,,cache-misses:u,1147904,100.00,,
     0.190265657,1523277,,bus-cycles:u,1147904,100.00,,
     0.190265657,2305072,,instructions:u,1147936,100.00,,
     0.191411636,0,,branch-misses:u,1145280,100.00,,
     0.191411636,2376,,cache-misses:u,1145184,100.00,,
     0.191411636,1520680,,bus-cycles:u,1145216,100.00,,
     0.191411636,2519988,,instructions:u,1145120,100.00,,
     0.192559566,1,,branch-misses:u,1151296,100.00,,
     0.192559566,12833,,cache-misses:u,1154080,100.00,,
     0.192559566,1498025,,bus-cycles:u,1154112,100.00,,
     0.192559566,2412537,,instructions:u,1154304,100.00,,
     0.193721925,0,,branch-misses:u,1161632,100.00,,
     0.193721925,55432,,cache-misses:u,1159488,100.00,,
     0.193721925,1538212,,bus-cycles:u,1159456,100.00,,
     0.193721925,2227674,,instructions:u,1159456,100.00,,
     0.194873183,0,,branch-misses:u,1150208,100.00,,
     0.194873183,55135,,cache-misses:u,1149856,100.00,,
     0.194873183,1526708,,bus-cycles:u,1149760,100.00,,
     0.194873183,2210344,,instructions:u,1149504,100.00,,
     0.196023001,0,,branch-misses:u,1151168,100.00,,
     0.196023001,10223,,cache-misses:u,1152256,100.00,,
     0.196023001,1512077,,bus-cycles:u,1152256,100.00,,
     0.196023001,2458513,,instructions:u,1152352,100.00,,
     0.197180754,0,,branch-misses:u,1156480,100.00,,
     0.197180754,63,,cache-misses:u,1155264,100.00,,
     0.197180754,1534857,,bus-cycles:u,1155200,100.00,,
     0.197180754,2552249,,instructions:u,1155168,100.00,,
     0.198326893,1,,branch-misses:u,1147552,100.00,,
     0.198326893,42578,,cache-misses:u,1147776,100.00,,
     0.198326893,1523517,,bus-cycles:u,1147968,100.00,,
     0.198326893,2279425,,instructions:u,1148064,100.00,,
     0.199535641,0,,branch-misses:u,1210112,100.00,,
     0.199535641,58007,,cache-misses:u,1210624,100.00,,
     0.199535641,1606695,,bus-cycles:u,1210528,100.00,,
     0.199535641,2331747,,instructions:u,1210496,100.00,,
     0.200692530,0,,branch-misses:u,1156544,100.00,,
     0.200692530,30662,,cache-misses:u,1156480,100.00,,
     0.200692530,1523195,,bus-cycles:u,1156480,100.00,,
     0.200692530,2353313,,instructions:u,1156544,100.00,,
     0.201848234,0,,branch-misses:u,1154560,100.00,,
     0.201848234,2186,,cache-misses:u,1154144,100.00,,
     0.201848234,1532193,,bus-cycles:u,1154048,100.00,,
     0.201848234,2538660,,instructions:u,1154016,100.00,,
     0.202994118,1,,branch-misses:u,1147264,100.00,,
     0.202994118,22264,,cache-misses:u,1147104,100.00,,
     0.202994118,1521767,,bus-cycles:u,1147488,100.00,,
     0.202994118,2399505,,instructions:u,1147360,100.00,,
     0.204142784,0,,branch-misses:u,1150848,100.00,,
     0.204142784,54549,,cache-misses:u,1150944,100.00,,
     0.204142784,1511474,,bus-cycles:u,1150688,100.00,,
     0.204142784,2187320,,instructions:u,1150784,100.00,,
     0.205297881,0,,branch-misses:u,1152576,100.00,,
     0.205297881,54523,,cache-misses:u,1152768,100.00,,
     0.205297881,1528619,,bus-cycles:u,1152704,100.00,,
     0.205297881,2216260,,instructions:u,1152640,100.00,,
     0.206444436,0,,branch-misses:u,1146912,100.00,,
     0.206444436,2188,,cache-misses:u,1146880,100.00,,
     0.206444436,1521009,,bus-cycles:u,1146944,100.00,,
     0.206444436,2521050,,instructions:u,1146976,100.00,,
     0.207590671,0,,branch-misses:u,1145760,100.00,,
     0.207590671,1941,,cache-misses:u,1145408,100.00,,
     0.207590671,1520426,,bus-cycles:u,1145376,100.00,,
     0.207590671,2518920,,instructions:u,1145440,100.00,,
     0.208742216,1,,branch-misses:u,1156096,100.00,,
     0.208742216,50142,,cache-misses:u,1156704,100.00,,
     0.208742216,1519289,,bus-cycles:u,1157056,100.00,,
     0.208742216,2224135,,instructions:u,1157088,100.00,,
     0.209907903,0,,branch-misses:u,1162144,100.00,,
     0.209907903,55605,,cache-misses:u,1161600,100.00,,
     0.209907903,1540205,,bus-cycles:u,1161280,100.00,,
     0.209907903,2232226,,instructions:u,1161344,100.00,,
     0.211055130,0,,branch-misses:u,1147136,100.00,,
     0.211055130,25322,,cache-misses:u,1147296,100.00,,
     0.211055130,1521972,,bus-cycles:u,1147232,100.00,,
     0.211055130,2383894,,instructions:u,1147072,100.00,,
     0.212203316,0,,branch-misses:u,1149952,100.00,,
     0.212203316,1828,,cache-misses:u,1150208,100.00,,
     0.212203316,1510344,,bus-cycles:u,1150336,100.00,,
     0.212203316,2503570,,instructions:u,1150336,100.00,,
     0.213360684,1,,branch-misses:u,1157056,100.00,,
     0.213360684,27126,,cache-misses:u,1156864,100.00,,
     0.213360684,1535407,,bus-cycles:u,1156768,100.00,,
     0.213360684,2391612,,instructions:u,1156896,100.00,,
     0.214510023,0,,branch-misses:u,1149760,100.00,,
     0.214510023,54885,,cache-misses:u,1149440,100.00,,
     0.214510023,1523747,,bus-cycles:u,1149600,100.00,,
     0.214510023,2205843,,instructions:u,1149536,100.00,,
     0.215660001,0,,branch-misses:u,1149248,100.00,,
     0.215660001,49476,,cache-misses:u,1148928,100.00,,
     0.215660001,1524412,,bus-cycles:u,1148768,100.00,,
     0.215660001,2241630,,instructions:u,1149184,100.00,,
     0.216808315,0,,branch-misses:u,1149792,100.00,,
     0.216808315,1832,,cache-misses:u,1150240,100.00,,
     0.216808315,1507030,,bus-cycles:u,1150304,100.00,,
     0.216808315,2498560,,instructions:u,1149888,100.00,,
     0.217964660,0,,branch-misses:u,1156064,100.00,,
     0.217964660,3100,,cache-misses:u,1156320,100.00,,
     0.217964660,1533035,,bus-cycles:u,1156512,100.00,,
     0.217964660,2532840,,instructions:u,1156544,100.00,,
     0.219113198,1,,branch-misses:u,1148480,100.00,,
     0.219113198,54722,,cache-misses:u,1148256,100.00,,
     0.219113198,1522078,,bus-cycles:u,1148000,100.00,,
     0.219113198,2202525,,instructions:u,1148000,100.00,,
     0.220261609,0,,branch-misses:u,1149664,100.00,,
     0.220261609,54433,,cache-misses:u,1150368,100.00,,
     0.220261609,1508199,,bus-cycles:u,1150464,100.00,,
     0.220261609,2180500,,instructions:u,1150432,100.00,,
     0.221490609,0,,branch-misses:u,1230464,100.00,,
     0.221490609,21435,,cache-misses:u,1230624,100.00,,
     0.221490609,1632144,,bus-cycles:u,1230624,100.00,,
     0.221490609,2588590,,instructions:u,1230688,100.00,,
     0.222645450,0,,branch-misses:u,1152928,100.00,,
     0.222645450,2348,,cache-misses:u,1151968,100.00,,
     0.222645450,1527680,,bus-cycles:u,1152032,100.00,,
     0.222645450,2529980,,instructions:u,1151936,100.00,,
     0.223792964,1,,branch-misses:u,1147840,100.00,,
     0.223792964,34704,,cache-misses:u,1170560,100.00,,
     0.223792964,1520076,,bus-cycles:u,1172384,100.00,,
     0.223792964,2322625,,instructions:u,1172480,100.00,,
     0.224976151,0,,branch-misses:u,1184320,100.00,,
     0.224976151,55444,,cache-misses:u,1161952,100.00,,
     0.224976151,1538914,,bus-cycles:u,1159936,100.00,,
     0.224976151,2230268,,instructions:u,1159968,100.00,,
     0.226124081,0,,branch-misses:u,1146656,100.00,,
     0.226124081,41102,,cache-misses:u,1146528,100.00,,
     0.226124081,1522618,,bus-cycles:u,1146496,100.00,,
     0.226124081,2290892,,instructions:u,1146400,100.00,,
     0.227269549,0,,branch-misses:u,1145600,100.00,,
     0.227269549,2030,,cache-misses:u,1145312,100.00,,
     0.227269549,1521528,,bus-cycles:u,1145376,100.00,,
     0.227269549,2521770,,instructions:u,1145408,100.00,,
     0.228418439,1,,branch-misses:u,1151232,100.00,,
     0.228418439,10619,,cache-misses:u,1152352,100.00,,
     0.228418439,1506052,,bus-cycles:u,1152448,100.00,,
     0.228418439,2441058,,instructions:u,1152512,100.00,,
     0.229574144,0,,branch-misses:u,1154496,100.00,,
     0.229574144,55433,,cache-misses:u,1153408,100.00,,
     0.229574144,1531792,,bus-cycles:u,1153376,100.00,,
     0.229574144,2219929,,instructions:u,1153248,100.00,,
     0.230722394,0,,branch-misses:u,1148288,100.00,,
     0.230722394,55109,,cache-misses:u,1148448,100.00,,
     0.230722394,1524056,,bus-cycles:u,1148448,100.00,,
     0.230722394,2207418,,instructions:u,1148512,100.00,,
     0.231869333,0,,branch-misses:u,1150016,100.00,,
     0.231869333,12330,,cache-misses:u,1150432,100.00,,
     0.231869333,1512696,,bus-cycles:u,1150272,100.00,,
     0.231869333,2445640,,instructions:u,1150240,100.00,,
     0.233028941,0,,branch-misses:u,1157216,100.00,,
     0.233028941,2020,,cache-misses:u,1157120,100.00,,
     0.233028941,1535327,,bus-cycles:u,1157280,100.00,,
     0.233028941,2544520,,instructions:u,1157280,100.00,,
     0.234176871,1,,branch-misses:u,1148448,100.00,,
     0.234176871,40292,,cache-misses:u,1148096,100.00,,
     0.234176871,1523838,,bus-cycles:u,1148064,100.00,,
     0.234176871,2293045,,instructions:u,1148032,100.00,,
     0.235323426,0,,branch-misses:u,1145984,100.00,,
     0.235323426,54780,,cache-misses:u,1145824,100.00,,
     0.235323426,1521828,,bus-cycles:u,1145760,100.00,,
     0.235323426,2208520,,instructions:u,1145792,100.00,,
     0.236470397,0,,branch-misses:u,1150400,100.00,,
     0.236470397,36089,,cache-misses:u,1150912,100.00,,
     0.236470397,1514021,,bus-cycles:u,1151328,100.00,,
     0.236470397,2304400,,instructions:u,1151456,100.00,,
     0.237630741,0,,branch-misses:u,1158144,100.00,,
     0.237630741,2185,,cache-misses:u,1157824,100.00,,
     0.237630741,1536413,,bus-cycles:u,1157504,100.00,,
     0.237630741,2545620,,instructions:u,1157408,100.00,,
     0.238779055,1,,branch-misses:u,1148128,100.00,,
     0.238779055,16429,,cache-misses:u,1147744,100.00,,
     0.238779055,1523632,,bus-cycles:u,1147712,100.00,,
     0.238779055,2433965,,instructions:u,1147776,100.00,,
     0.239930249,0,,branch-misses:u,1152928,100.00,,
     0.239930249,54827,,cache-misses:u,1153984,100.00,,
     0.239930249,1518122,,bus-cycles:u,1153984,100.00,,
     0.239930249,2196957,,instructions:u,1153952,100.00,,
     0.241085698,0,,branch-misses:u,1156416,100.00,,
     0.241085698,55456,,cache-misses:u,1156288,100.00,,
     0.241085698,1534494,,bus-cycles:u,1156352,100.00,,
     0.241085698,2222220,,instructions:u,1156192,100.00,,
     0.242306252,0,,branch-misses:u,1222240,100.00,,
     0.242306252,7145,,cache-misses:u,1222656,100.00,,
     0.242306252,1624505,,bus-cycles:u,1223168,100.00,,
     0.242306252,2660793,,instructions:u,1223328,100.00,,
     0.243463940,0,,branch-misses:u,1156000,100.00,,
     0.243463940,1972,,cache-misses:u,1154816,100.00,,
     0.243463940,1531560,,bus-cycles:u,1154176,100.00,,
     0.243463940,2537050,,instructions:u,1154080,100.00,,
     0.244616382,1,,branch-misses:u,1153568,100.00,,
     0.244616382,48990,,cache-misses:u,1153824,100.00,,
     0.244616382,1512783,,bus-cycles:u,1153984,100.00,,
     0.244616382,2218615,,instructions:u,1154080,100.00,,
     0.245778005,0,,branch-misses:u,1159904,100.00,,
     0.245778005,55486,,cache-misses:u,1159872,100.00,,
     0.245778005,1540176,,bus-cycles:u,1159776,100.00,,
     0.245778005,2230200,,instructions:u,1159808,100.00,,
     0.246926831,0,,branch-misses:u,1148800,100.00,,
     0.246926831,27168,,cache-misses:u,1149088,100.00,,
     0.246926831,1525578,,bus-cycles:u,1149152,100.00,,
     0.246926831,2376470,,instructions:u,1149024,100.00,,
     0.248074570,0,,branch-misses:u,1149728,100.00,,
     0.248074570,2150,,cache-misses:u,1150144,100.00,,
     0.248074570,1510946,,bus-cycles:u,1150048,100.00,,
     0.248074570,2499639,,instructions:u,1150048,100.00,,
     0.249232450,1,,branch-misses:u,1157280,100.00,,
     0.249232450,25503,,cache-misses:u,1156672,100.00,,
     0.249232450,1536707,,bus-cycles:u,1156768,100.00,,
     0.249232450,2401476,,instructions:u,1156832,100.00,,
     0.250380477,0,,branch-misses:u,1148128,100.00,,
     0.250380477,55083,,cache-misses:u,1148448,100.00,,
     0.250380477,1524902,,bus-cycles:u,1148320,100.00,,
     0.250380477,2221170,,instructions:u,1148320,100.00,,
     0.251528087,0,,branch-misses:u,1147744,100.00,,
     0.251528087,50439,,cache-misses:u,1147744,100.00,,
     0.251528087,1521205,,bus-cycles:u,1147904,100.00,,
     0.251528087,2241890,,instructions:u,1147936,100.00,,
     0.252677170,0,,branch-misses:u,1151104,100.00,,
     0.252677170,2268,,cache-misses:u,1152768,100.00,,
     0.252677170,1496930,,bus-cycles:u,1152640,100.00,,
     0.252677170,2481114,,instructions:u,1152512,100.00,,
     0.253841353,0,,branch-misses:u,1164768,100.00,,
     0.253841353,2308,,cache-misses:u,1162624,100.00,,
     0.253841353,1543551,,bus-cycles:u,1162720,100.00,,
     0.253841353,2557716,,instructions:u,1162688,100.00,,
     0.254997825,1,,branch-misses:u,1155040,100.00,,
     0.254997825,55211,,cache-misses:u,1155520,100.00,,
     0.254997825,1534181,,bus-cycles:u,1155808,100.00,,
     0.254997825,2232263,,instructions:u,1155936,100.00,,
     0.256148027,0,,branch-misses:u,1151072,100.00,,
     0.256148027,54588,,cache-misses:u,1152416,100.00,,
     0.256148027,1512092,,bus-cycles:u,1152224,100.00,,
     0.256148027,2201622,,instructions:u,1152192,100.00,,
     0.257306995,0,,branch-misses:u,1158400,100.00,,
     0.257306995,20950,,cache-misses:u,1156544,100.00,,
     0.257306995,1535820,,bus-cycles:u,1156352,100.00,,
     0.257306995,2435650,,instructions:u,1156512,100.00,,
     0.258458765,0,,branch-misses:u,1152128,100.00,,
     0.258458765,2091,,cache-misses:u,1152576,100.00,,
     0.258458765,1530744,,bus-cycles:u,1152640,100.00,,
     0.258458765,2537660,,instructions:u,1152512,100.00,,
     0.259606599,1,,branch-misses:u,1147936,100.00,,
     0.259606599,31937,,cache-misses:u,1147136,100.00,,
     0.259606599,1522822,,bus-cycles:u,1147264,100.00,,
     0.259606599,2341835,,instructions:u,1147296,100.00,,
     0.260754498,0,,branch-misses:u,1149440,100.00,,
     0.260754498,54589,,cache-misses:u,1151904,100.00,,
     0.260754498,1511736,,bus-cycles:u,1151840,100.00,,
     0.260754498,2200120,,instructions:u,1151744,100.00,,
     0.261912506,0,,branch-misses:u,1157536,100.00,,
     0.261912506,44232,,cache-misses:u,1155584,100.00,,
     0.261912506,1533855,,bus-cycles:u,1155456,100.00,,
     0.261912506,2297752,,instructions:u,1156480,100.00,,
     0.263125670,0,,branch-misses:u,1214976,100.00,,
     0.263125670,1749,,cache-misses:u,1214976,100.00,,
     0.263125670,1612347,,bus-cycles:u,1215072,100.00,,
     0.263125670,2673378,,instructions:u,1214016,100.00,,
     0.264283870,1,,branch-misses:u,1157760,100.00,,
     0.264283870,11219,,cache-misses:u,1157888,100.00,,
     0.264283870,1518566,,bus-cycles:u,1157984,100.00,,
     0.264283870,2456945,,instructions:u,1158048,100.00,,
     0.265442998,0,,branch-misses:u,1158016,100.00,,
     0.265442998,55487,,cache-misses:u,1157920,100.00,,
     0.265442998,1536035,,bus-cycles:u,1157856,100.00,,
     0.265442998,2239190,,instructions:u,1157824,100.00,,
     0.266590385,0,,branch-misses:u,1147104,100.00,,
     0.266590385,54935,,cache-misses:u,1147232,100.00,,
     0.266590385,1522874,,bus-cycles:u,1147200,100.00,,
     0.266590385,2223610,,instructions:u,1147200,100.00,,
     0.267737132,0,,branch-misses:u,1146784,100.00,,
     0.267737132,11015,,cache-misses:u,1146720,100.00,,
     0.267737132,1523125,,bus-cycles:u,1146560,100.00,,
     0.267737132,2471900,,instructions:u,1146688,100.00,,
     0.268916607,0,,branch-misses:u,1181952,100.00,,
     0.268916607,1815,,cache-misses:u,1182752,100.00,,
     0.268916607,1556928,,bus-cycles:u,1182816,100.00,,
     0.268916607,2579660,,instructions:u,1182816,100.00,,
     0.270071704,1,,branch-misses:u,1153312,100.00,,
     0.270071704,42791,,cache-misses:u,1151840,100.00,,
     0.270071704,1528698,,bus-cycles:u,1151872,100.00,,
     0.270071704,2294725,,instructions:u,1151840,100.00,,
     0.271218099,0,,branch-misses:u,1146400,100.00,,
     0.271218099,55102,,cache-misses:u,1146720,100.00,,
     0.271218099,1522731,,bus-cycles:u,1146784,100.00,,
     0.271218099,2219708,,instructions:u,1146784,100.00,,
     0.272364974,0,,branch-misses:u,1149056,100.00,,
     0.272364974,32772,,cache-misses:u,1150048,100.00,,
     0.272364974,1513370,,bus-cycles:u,1150144,100.00,,
     0.272364974,2330792,,instructions:u,1150112,100.00,,
     0.273522662,0,,branch-misses:u,1156288,100.00,,
     0.273522662,1833,,cache-misses:u,1155488,100.00,,
     0.273522662,1533606,,bus-cycles:u,1155296,100.00,,
     0.273522662,2544180,,instructions:u,1155296,100.00,,
     0.274671424,1,,branch-misses:u,1148480,100.00,,
     0.274671424,19680,,cache-misses:u,1148384,100.00,,
     0.274671424,1523510,,bus-cycles:u,1148416,100.00,,
     0.274671424,2422075,,instructions:u,1148384,100.00,,
     0.275817371,0,,branch-misses:u,1147744,100.00,,
     0.275817371,54395,,cache-misses:u,1147968,100.00,,
     0.275817371,1506812,,bus-cycles:u,1148064,100.00,,
     0.275817371,2183090,,instructions:u,1148192,100.00,,
     0.276974452,0,,branch-misses:u,1156288,100.00,,
     0.276974452,55483,,cache-misses:u,1156224,100.00,,
     0.276974452,1533263,,bus-cycles:u,1156384,100.00,,
     0.276974452,2220377,,instructions:u,1156288,100.00,,
     0.278121934,0,,branch-misses:u,1147232,100.00,,
     0.278121934,4148,,cache-misses:u,1147040,100.00,,
     0.278121934,1522260,,bus-cycles:u,1146784,100.00,,
     0.278121934,2510103,,instructions:u,1146624,100.00,,
     0.279268873,0,,branch-misses:u,1147776,100.00,,
     0.279268873,2505,,cache-misses:u,1147968,100.00,,
     0.279268873,1523426,,bus-cycles:u,1147872,100.00,,
     0.279268873,2523460,,instructions:u,1147968,100.00,,
     0.280417252,1,,branch-misses:u,1150880,100.00,,
     0.280417252,48027,,cache-misses:u,1151744,100.00,,
     0.280417252,1510303,,bus-cycles:u,1151904,100.00,,
     0.280417252,2218855,,instructions:u,1151936,100.00,,
     0.281578395,0,,branch-misses:u,1159680,100.00,,
     0.281578395,55270,,cache-misses:u,1158816,100.00,,
     0.281578395,1534699,,bus-cycles:u,1158720,100.00,,
     0.281578395,2226610,,instructions:u,1158688,100.00,,
     0.282726166,0,,branch-misses:u,1147648,100.00,,
     0.282726166,28027,,cache-misses:u,1147680,100.00,,
     0.282726166,1521377,,bus-cycles:u,1147680,100.00,,
     0.282726166,2369030,,instructions:u,1147680,100.00,,
     0.283875696,0,,branch-misses:u,1151232,100.00,,
     0.283875696,2099,,cache-misses:u,1150976,100.00,,
     0.283875696,1512520,,bus-cycles:u,1151040,100.00,,
     0.283875696,2506600,,instructions:u,1151072,100.00,,
     0.285096410,1,,branch-misses:u,1221120,100.00,,
     0.285096410,27759,,cache-misses:u,1221920,100.00,,
     0.285096410,1620982,,bus-cycles:u,1222496,100.00,,
     0.285096410,2526655,,instructions:u,1222560,100.00,,
     0.286253138,0,,branch-misses:u,1155584,100.00,,
     0.286253138,55371,,cache-misses:u,1154976,100.00,,
     0.286253138,1530573,,bus-cycles:u,1154432,100.00,,
     0.286253138,2216280,,instructions:u,1154368,100.00,,
     0.287398925,0,,branch-misses:u,1145440,100.00,,
     0.287398925,48793,,cache-misses:u,1144960,100.00,,
     0.287398925,1519403,,bus-cycles:u,1144864,100.00,,
     0.287398925,2237750,,instructions:u,1144864,100.00,,
     0.288546024,0,,branch-misses:u,1148672,100.00,,
     0.288546024,2147,,cache-misses:u,1149216,100.00,,
     0.288546024,1510431,,bus-cycles:u,1149312,100.00,,
     0.288546024,2503486,,instructions:u,1149280,100.00,,
     0.289703361,0,,branch-misses:u,1156928,100.00,,
     0.289703361,3965,,cache-misses:u,1156736,100.00,,
     0.289703361,1534604,,bus-cycles:u,1156736,100.00,,
     0.289703361,2527324,,instructions:u,1156768,100.00,,
     0.290851963,1,,branch-misses:u,1149888,100.00,,
     0.290851963,54566,,cache-misses:u,1150496,100.00,,
     0.290851963,1523715,,bus-cycles:u,1150432,100.00,,
     0.290851963,2205085,,instructions:u,1150432,100.00,,
     0.292000725,0,,branch-misses:u,1148320,100.00,,
     0.292000725,54408,,cache-misses:u,1147872,100.00,,
     0.292000725,1509842,,bus-cycles:u,1147904,100.00,,
     0.292000725,2186650,,instructions:u,1148416,100.00,,
     0.293156494,0,,branch-misses:u,1155712,100.00,,
     0.293156494,20549,,cache-misses:u,1155776,100.00,,
     0.293156494,1533004,,bus-cycles:u,1155680,100.00,,
     0.293156494,2429130,,instructions:u,1155232,100.00,,
     0.294306728,0,,branch-misses:u,1150240,100.00,,
     0.294306728,2057,,cache-misses:u,1150016,100.00,,
     0.294306728,1526986,,bus-cycles:u,1150016,100.00,,
     0.294306728,2531760,,instructions:u,1149888,100.00,,
     0.295453475,1,,branch-misses:u,1146400,100.00,,
     0.295453475,32166,,cache-misses:u,1146496,100.00,,
     0.295453475,1522001,,bus-cycles:u,1146624,100.00,,
     0.295453475,2333075,,instructions:u,1146752,100.00,,
     0.296603549,0,,branch-misses:u,1152256,100.00,,
     0.296603549,54458,,cache-misses:u,1152480,100.00,,
     0.296603549,1514065,,bus-cycles:u,1152416,100.00,,
     0.296603549,2193573,,instructions:u,1152352,100.00,,
     0.297767604,0,,branch-misses:u,1164000,100.00,,
     0.297767604,44414,,cache-misses:u,1163840,100.00,,
     0.297767604,1543618,,bus-cycles:u,1163808,100.00,,
     0.297767604,2306307,,instructions:u,1163744,100.00,,
     0.298919278,0,,branch-misses:u,1150848,100.00,,
     0.298919278,2027,,cache-misses:u,1150688,100.00,,
     0.298919278,1527709,,bus-cycles:u,1150688,100.00,,
     0.298919278,2530530,,instructions:u,1150944,100.00,,
     0.300069128,0,,branch-misses:u,1152192,100.00,,
     0.300069128,8530,,cache-misses:u,1152512,100.00,,
     0.300069128,1514733,,bus-cycles:u,1152608,100.00,,
     0.300069128,2466068,,instructions:u,1152416,100.00,,
     0.301230239,1,,branch-misses:u,1159072,100.00,,
     0.301230239,55197,,cache-misses:u,1158912,100.00,,
     0.301230239,1538779,,bus-cycles:u,1158912,100.00,,
     0.301230239,2229777,,instructions:u,1158912,100.00,,
     0.302379865,0,,branch-misses:u,1150656,100.00,,
     0.302379865,55028,,cache-misses:u,1150112,100.00,,
     0.302379865,1527317,,bus-cycles:u,1149984,100.00,,
     0.302379865,2212850,,instructions:u,1150016,100.00,,
     0.303526964,0,,branch-misses:u,1146432,100.00,,
     0.303526964,14505,,cache-misses:u,1146688,100.00,,
     0.303526964,1522895,,bus-cycles:u,1146688,100.00,,
     0.303526964,2448030,,instructions:u,1146656,100.00,,
     0.304676910,0,,branch-misses:u,1151872,100.00,,
     0.304676910,2476,,cache-misses:u,1152736,100.00,,
     0.304676910,1511915,,bus-cycles:u,1152832,100.00,,
     0.304676910,2503720,,instructions:u,1152800,100.00,,
     0.305897432,1,,branch-misses:u,1221504,100.00,,
     0.305897432,40982,,cache-misses:u,1221024,100.00,,
     0.305897432,1620870,,bus-cycles:u,1221664,100.00,,
     0.305897432,2444265,,instructions:u,1221760,100.00,,
     0.307055088,0,,branch-misses:u,1156576,100.00,,
     0.307055088,55429,,cache-misses:u,1156864,100.00,,
     0.307055088,1533085,,bus-cycles:u,1156192,100.00,,
     0.307055088,2219107,,instructions:u,1156160,100.00,,
     0.308204171,0,,branch-misses:u,1151520,100.00,,
     0.308204171,34993,,cache-misses:u,1151104,100.00,,
     0.308204171,1514243,,bus-cycles:u,1151104,100.00,,
     0.308204171,2312493,,instructions:u,1151040,100.00,,
     0.309361315,0,,branch-misses:u,1154784,100.00,,
     0.309361315,2146,,cache-misses:u,1155136,100.00,,
     0.309361315,1531828,,bus-cycles:u,1155072,100.00,,
     0.309361315,2540840,,instructions:u,1155808,100.00,,
     0.310509886,1,,branch-misses:u,1149632,100.00,,
     0.310509886,17327,,cache-misses:u,1149056,100.00,,
     0.310509886,1523451,,bus-cycles:u,1149152,100.00,,
     0.310509886,2425463,,instructions:u,1148416,100.00,,
     0.311657464,0,,branch-misses:u,1146912,100.00,,
     0.311657464,54346,,cache-misses:u,1147072,100.00,,
     0.311657464,1521371,,bus-cycles:u,1147072,100.00,,
     0.311657464,2204092,,instructions:u,1147168,100.00,,
     0.312809458,0,,branch-misses:u,1158272,100.00,,
     0.312809458,51904,,cache-misses:u,1160768,100.00,,
     0.312809458,1443879,,bus-cycles:u,1160800,100.00,,
     0.312809458,2086148,,instructions:u,1161248,100.00,,
     0.313992612,0,,branch-misses:u,1177408,100.00,,
     0.313992612,9369,,cache-misses:u,1175168,100.00,,
     0.313992612,1559805,,bus-cycles:u,1175104,100.00,,
     0.313992612,2540282,,instructions:u,1174624,100.00,,
     0.315139839,0,,branch-misses:u,1147776,100.00,,
     0.315139839,2240,,cache-misses:u,1147744,100.00,,
     0.315139839,1521776,,bus-cycles:u,1147648,100.00,,
     0.315139839,2521007,,instructions:u,1147616,100.00,,
     0.316287770,1,,branch-misses:u,1149056,100.00,,
     0.316287770,43493,,cache-misses:u,1149568,100.00,,
     0.316287770,1502302,,bus-cycles:u,1149792,100.00,,
     0.316287770,2230045,,instructions:u,1149856,100.00,,
     0.317441715,0,,branch-misses:u,1153344,100.00,,
     0.317441715,55104,,cache-misses:u,1152480,100.00,,
     0.317441715,1528339,,bus-cycles:u,1152384,100.00,,
     0.317441715,2217453,,instructions:u,1152448,100.00,,
     0.318589006,0,,branch-misses:u,1147840,100.00,,
     0.318589006,32561,,cache-misses:u,1148384,100.00,,
     0.318589006,1523078,,bus-cycles:u,1148288,100.00,,
     0.318589006,2343900,,instructions:u,1148096,100.00,,
     0.319737384,0,,branch-misses:u,1147744,100.00,,
     0.319737384,2522,,cache-misses:u,1147296,100.00,,
     0.319737384,1522799,,bus-cycles:u,1147456,100.00,,
     0.319737384,2522690,,instructions:u,1147584,100.00,,
     0.320907453,1,,branch-misses:u,1172576,100.00,,
     0.320907453,20415,,cache-misses:u,1173600,100.00,,
     0.320907453,1544021,,bus-cycles:u,1173568,100.00,,
     0.320907453,2446265,,instructions:u,1173600,100.00,,
     0.322058999,0,,branch-misses:u,1150784,100.00,,
     0.322058999,54954,,cache-misses:u,1149760,100.00,,
     0.322058999,1524642,,bus-cycles:u,1149760,100.00,,
     0.322058999,2212190,,instructions:u,1149696,100.00,,
     0.323206578,0,,branch-misses:u,1146944,100.00,,
     0.323206578,54969,,cache-misses:u,1147072,100.00,,
     0.323206578,1523765,,bus-cycles:u,1147392,100.00,,
     0.323206578,2211758,,instructions:u,1148032,100.00,,
     0.324362123,0,,branch-misses:u,1159040,100.00,,
     0.324362123,2509,,cache-misses:u,1160448,100.00,,
     0.324362123,1519984,,bus-cycles:u,1160064,100.00,,
     0.324362123,2515742,,instructions:u,1159488,100.00,,
     0.325530017,0,,branch-misses:u,1165600,100.00,,
     0.325530017,2346,,cache-misses:u,1164736,100.00,,
     0.325530017,1546171,,bus-cycles:u,1164672,100.00,,
     0.325530017,2556270,,instructions:u,1164576,100.00,,
     0.326683610,1,,branch-misses:u,1153792,100.00,,
     0.326683610,50628,,cache-misses:u,1153024,100.00,,
     0.326683610,1530692,,bus-cycles:u,1153056,100.00,,
     0.326683610,2234842,,instructions:u,1153120,100.00,,
     0.327911234,0,,branch-misses:u,1235456,100.00,,
     0.327911234,58660,,cache-misses:u,1235872,100.00,,
     0.327911234,1627159,,bus-cycles:u,1237088,100.00,,
     0.327911234,2354843,,instructions:u,1237312,100.00,,
     0.329080376,0,,branch-misses:u,1162688,100.00,,
     0.329080376,22379,,cache-misses:u,1163264,100.00,,
     0.329080376,1541165,,bus-cycles:u,1162240,100.00,,
     0.329080376,2431200,,instructions:u,1161984,100.00,,
     0.330231090,0,,branch-misses:u,1149472,100.00,,
     0.330231090,2237,,cache-misses:u,1148896,100.00,,
     0.330231090,1525980,,bus-cycles:u,1148736,100.00,,
     0.330231090,2528510,,instructions:u,1148736,100.00,,
     0.331379052,1,,branch-misses:u,1148608,100.00,,
     0.331379052,30795,,cache-misses:u,1148064,100.00,,
     0.331379052,1523575,,bus-cycles:u,1148064,100.00,,
     0.331379052,2340385,,instructions:u,1148096,100.00,,
     0.332525447,0,,branch-misses:u,1148288,100.00,,
     0.332525447,54476,,cache-misses:u,1149472,100.00,,
     0.332525447,1510610,,bus-cycles:u,1149920,100.00,,
     0.332525447,2190738,,instructions:u,1150016,100.00,,
     0.333684447,0,,branch-misses:u,1157792,100.00,,
     0.333684447,46085,,cache-misses:u,1157056,100.00,,
     0.333684447,1534143,,bus-cycles:u,1156480,100.00,,
     0.333684447,2277742,,instructions:u,1156960,100.00,,
     0.334834361,0,,branch-misses:u,1150112,100.00,,
     0.334834361,241,,cache-misses:u,1150592,100.00,,
     0.334834361,1524119,,bus-cycles:u,1150624,100.00,,
     0.334834361,2535510,,instructions:u,1149920,100.00,,
     0.335985043,0,,branch-misses:u,1152672,100.00,,
     0.335985043,6544,,cache-misses:u,1152640,100.00,,
     0.335985043,1512653,,bus-cycles:u,1152672,100.00,,
     0.335985043,2475660,,instructions:u,1152768,100.00,,
     0.337141132,1,,branch-misses:u,1155520,100.00,,
     0.337141132,55085,,cache-misses:u,1154944,100.00,,
     0.337141132,1533325,,bus-cycles:u,1155584,100.00,,
     0.337141132,2214765,,instructions:u,1155488,100.00,,
     0.338291142,0,,branch-misses:u,1149088,100.00,,
     0.338291142,55061,,cache-misses:u,1149184,100.00,,
     0.338291142,1525436,,bus-cycles:u,1148544,100.00,,
     0.338291142,2206230,,instructions:u,1149184,100.00,,
     0.339439617,0,,branch-misses:u,1148608,100.00,,
     0.339439617,16938,,cache-misses:u,1148320,100.00,,
     0.339439617,1523797,,bus-cycles:u,1148352,100.00,,
     0.339439617,2435690,,instructions:u,1147744,100.00,,
     0.340587483,0,,branch-misses:u,1151456,100.00,,
     0.340587483,1583,,cache-misses:u,1152768,100.00,,
     0.340587483,1499927,,bus-cycles:u,1152736,100.00,,
     0.340587483,2483560,,instructions:u,1152736,100.00,,
     0.341753138,1,,branch-misses:u,1162688,100.00,,
     0.341753138,35174,,cache-misses:u,1161504,100.00,,
     0.341753138,1540776,,bus-cycles:u,1161568,100.00,,
     0.341753138,2351135,,instructions:u,1161632,100.00,,
     0.342901356,0,,branch-misses:u,1148608,100.00,,
     0.342901356,55081,,cache-misses:u,1148448,100.00,,
     0.342901356,1525406,,bus-cycles:u,1148480,100.00,,
     0.342901356,2211400,,instructions:u,1148448,100.00,,
     0.344049191,0,,branch-misses:u,1149824,100.00,,
     0.344049191,40787,,cache-misses:u,1149728,100.00,,
     0.344049191,1505944,,bus-cycles:u,1149664,100.00,,
     0.344049191,2260010,,instructions:u,1149664,100.00,,
     0.345206399,0,,branch-misses:u,1155904,100.00,,
     0.345206399,2245,,cache-misses:u,1156224,100.00,,
     0.345206399,1535179,,bus-cycles:u,1156256,100.00,,
     0.345206399,2540141,,instructions:u,1156192,100.00,,
     0.346354842,1,,branch-misses:u,1148096,100.00,,
     0.346354842,10987,,cache-misses:u,1148032,100.00,,
     0.346354842,1524486,,bus-cycles:u,1148256,100.00,,
     0.346354842,2460934,,instructions:u,1148384,100.00,,
     0.347501780,0,,branch-misses:u,1147520,100.00,,
     0.347501780,54855,,cache-misses:u,1147840,100.00,,
     0.347501780,1522660,,bus-cycles:u,1147648,100.00,,
     0.347501780,2201810,,instructions:u,1147552,100.00,,
     0.348713728,0,,branch-misses:u,1215616,100.00,,
     0.348713728,57423,,cache-misses:u,1216320,100.00,,
     0.348713728,1598689,,bus-cycles:u,1216448,100.00,,
     0.348713728,2313390,,instructions:u,1216640,100.00,,
     0.349882806,0,,branch-misses:u,1166496,100.00,,
     0.349882806,10027,,cache-misses:u,1165536,100.00,,
     0.349882806,1546703,,bus-cycles:u,1165312,100.00,,
     0.349882806,2512810,,instructions:u,1165120,100.00,,
     0.351030705,0,,branch-misses:u,1147392,100.00,,
     0.351030705,2028,,cache-misses:u,1147616,100.00,,
     0.351030705,1522619,,bus-cycles:u,1147648,100.00,,
     0.351030705,2524524,,instructions:u,1147616,100.00,,
     0.352177867,1,,branch-misses:u,1148896,100.00,,
     0.352177867,42506,,cache-misses:u,1148928,100.00,,
     0.352177867,1506728,,bus-cycles:u,1148960,100.00,,
     0.352177867,2248678,,instructions:u,1149088,100.00,,
     0.353334244,0,,branch-misses:u,1155616,100.00,,
     0.353334244,55277,,cache-misses:u,1155328,100.00,,
     0.353334244,1533136,,bus-cycles:u,1155264,100.00,,
     0.353334244,2221163,,instructions:u,1155232,100.00,,
     0.354482526,0,,branch-misses:u,1149696,100.00,,
     0.354482526,33315,,cache-misses:u,1149664,100.00,,
     0.354482526,1523803,,bus-cycles:u,1149760,100.00,,
     0.354482526,2339170,,instructions:u,1149824,100.00,,
     0.355631481,0,,branch-misses:u,1147712,100.00,,
     0.355631481,2325,,cache-misses:u,1147744,100.00,,
     0.355631481,1522849,,bus-cycles:u,1147552,100.00,,
     0.355631481,2524100,,instructions:u,1147392,100.00,,
     0.356780691,1,,branch-misses:u,1150944,100.00,,
     0.356780691,18381,,cache-misses:u,1151104,100.00,,
     0.356780691,1515472,,bus-cycles:u,1151328,100.00,,
     0.356780691,2406705,,instructions:u,1151328,100.00,,
     0.357941643,0,,branch-misses:u,1160384,100.00,,
     0.357941643,55488,,cache-misses:u,1160192,100.00,,
     0.357941643,1539233,,bus-cycles:u,1160704,100.00,,
     0.357941643,2230410,,instructions:u,1160800,100.00,,
     0.359093988,0,,branch-misses:u,1152064,100.00,,
     0.359093988,55295,,cache-misses:u,1152000,100.00,,
     0.359093988,1528476,,bus-cycles:u,1151424,100.00,,
     0.359093988,2212814,,instructions:u,1151360,100.00,,
     0.360241567,0,,branch-misses:u,1149760,100.00,,
     0.360241567,4216,,cache-misses:u,1150272,100.00,,
     0.360241567,1506199,,bus-cycles:u,1150272,100.00,,
     0.360241567,2484386,,instructions:u,1150496,100.00,,
     0.361400503,0,,branch-misses:u,1157728,100.00,,
     0.361400503,2242,,cache-misses:u,1157376,100.00,,
     0.361400503,1536021,,bus-cycles:u,1157312,100.00,,
     0.361400503,2545420,,instructions:u,1157056,100.00,,
     0.362550417,1,,branch-misses:u,1150176,100.00,,
     0.362550417,48307,,cache-misses:u,1150048,100.00,,
     0.362550417,1525739,,bus-cycles:u,1150112,100.00,,
     0.362550417,2242242,,instructions:u,1150272,100.00,,
     0.363699147,0,,branch-misses:u,1148896,100.00,,
     0.363699147,55072,,cache-misses:u,1149280,100.00,,
     0.363699147,1524517,,bus-cycles:u,1149824,100.00,,
     0.363699147,2208123,,instructions:u,1149728,100.00,,
     0.364848837,0,,branch-misses:u,1152384,100.00,,
     0.364848837,28166,,cache-misses:u,1152448,100.00,,
     0.364848837,1516027,,bus-cycles:u,1151872,100.00,,
     0.364848837,2355380,,instructions:u,1151840,100.00,,
     0.366010109,0,,branch-misses:u,1158752,100.00,,
     0.366010109,1975,,cache-misses:u,1158528,100.00,,
     0.366010109,1537737,,bus-cycles:u,1158464,100.00,,
     0.366010109,2548217,,instructions:u,1158496,100.00,,
     0.367156696,1,,branch-misses:u,1147616,100.00,,
     0.367156696,24578,,cache-misses:u,1147200,100.00,,
     0.367156696,1523579,,bus-cycles:u,1147296,100.00,,
     0.367156696,2382648,,instructions:u,1147456,100.00,,
     0.368305170,0,,branch-misses:u,1148352,100.00,,
     0.368305170,53679,,cache-misses:u,1148672,100.00,,
     0.368305170,1504561,,bus-cycles:u,1148800,100.00,,
     0.368305170,2181750,,instructions:u,1148672,100.00,,
     0.369517150,0,,branch-misses:u,1214976,100.00,,
     0.369517150,52655,,cache-misses:u,1215136,100.00,,
     0.369517150,1611663,,bus-cycles:u,1215136,100.00,,
     0.369517150,2369510,,instructions:u,1215264,100.00,,
     0.370672631,0,,branch-misses:u,1153184,100.00,,
     0.370672631,2057,,cache-misses:u,1152832,100.00,,
     0.370672631,1529660,,bus-cycles:u,1152704,100.00,,
     0.370672631,2534800,,instructions:u,1152512,100.00,,
     0.371826000,0,,branch-misses:u,1154624,100.00,,
     0.371826000,2881,,cache-misses:u,1156032,100.00,,
     0.371826000,1508480,,bus-cycles:u,1156544,100.00,,
     0.371826000,2493616,,instructions:u,1156736,100.00,,
     0.372982217,1,,branch-misses:u,1156032,100.00,,
     0.372982217,55005,,cache-misses:u,1154720,100.00,,
     0.372982217,1531181,,bus-cycles:u,1154144,100.00,,
     0.372982217,2217659,,instructions:u,1154016,100.00,,
     0.374131075,0,,branch-misses:u,1147552,100.00,,
     0.374131075,55137,,cache-misses:u,1147584,100.00,,
     0.374131075,1523362,,bus-cycles:u,1147776,100.00,,
     0.374131075,2206246,,instructions:u,1147712,100.00,,
     0.375278686,0,,branch-misses:u,1150176,100.00,,
     0.375278686,20399,,cache-misses:u,1149952,100.00,,
     0.375278686,1525251,,bus-cycles:u,1149792,100.00,,
     0.375278686,2418174,,instructions:u,1150080,100.00,,
     0.376427896,0,,branch-misses:u,1148768,100.00,,
     0.376427896,1744,,cache-misses:u,1149536,100.00,,
     0.376427896,1514375,,bus-cycles:u,1149632,100.00,,
     0.376427896,2508150,,instructions:u,1149376,100.00,,
     0.377584433,1,,branch-misses:u,1155872,100.00,,
     0.377584433,31903,,cache-misses:u,1155296,100.00,,
     0.377584433,1534730,,bus-cycles:u,1155168,100.00,,
     0.377584433,2358145,,instructions:u,1155104,100.00,,
     0.378731819,0,,branch-misses:u,1147328,100.00,,
     0.378731819,55004,,cache-misses:u,1147200,100.00,,
     0.378731819,1524492,,bus-cycles:u,1147296,100.00,,
     0.378731819,2207400,,instructions:u,1147328,100.00,,
     0.379882309,0,,branch-misses:u,1152096,100.00,,
     0.379882309,44431,,cache-misses:u,1152352,100.00,,
     0.379882309,1512079,,bus-cycles:u,1152320,100.00,,
     0.379882309,2252370,,instructions:u,1152288,100.00,,
     0.381039742,0,,branch-misses:u,1156608,100.00,,
     0.381039742,2227,,cache-misses:u,1156608,100.00,,
     0.381039742,1536447,,bus-cycles:u,1156608,100.00,,
     0.381039742,2546990,,instructions:u,1156768,100.00,,
     0.382187928,0,,branch-misses:u,1147616,100.00,,
     0.382187928,8205,,cache-misses:u,1147520,100.00,,
     0.382187928,1523578,,bus-cycles:u,1147520,100.00,,
     0.382187928,2482770,,instructions:u,1147456,100.00,,
     0.383333715,1,,branch-misses:u,1146208,100.00,,
     0.383333715,54636,,cache-misses:u,1146432,100.00,,
     0.383333715,1521514,,bus-cycles:u,1146464,100.00,,
     0.383333715,2197995,,instructions:u,1146528,100.00,,
     0.384480270,0,,branch-misses:u,1148288,100.00,,
     0.384480270,54440,,cache-misses:u,1148704,100.00,,
     0.384480270,1507526,,bus-cycles:u,1148704,100.00,,
     0.384480270,2181950,,instructions:u,1148544,100.00,,
     0.385635239,0,,branch-misses:u,1154464,100.00,,
     0.385635239,16354,,cache-misses:u,1154112,100.00,,
     0.385635239,1531327,,bus-cycles:u,1153984,100.00,,
     0.385635239,2452890,,instructions:u,1153984,100.00,,
     0.386782978,0,,branch-misses:u,1148032,100.00,,
     0.386782978,1944,,cache-misses:u,1147328,100.00,,
     0.386782978,1523766,,bus-cycles:u,1147360,100.00,,
     0.386782978,2524627,,instructions:u,1147456,100.00,,
     0.387931388,1,,branch-misses:u,1149632,100.00,,
     0.387931388,36257,,cache-misses:u,1150784,100.00,,
     0.387931388,1514382,,bus-cycles:u,1150880,100.00,,
     0.387931388,2299038,,instructions:u,1150848,100.00,,
     0.389089332,0,,branch-misses:u,1157600,100.00,,
     0.389089332,55543,,cache-misses:u,1156704,100.00,,
     0.389089332,1535894,,bus-cycles:u,1156640,100.00,,
     0.389089332,2224106,,instructions:u,1156608,100.00,,
     0.390238607,0,,branch-misses:u,1148640,100.00,,
     0.390238607,39856,,cache-misses:u,1148928,100.00,,
     0.390238607,1524713,,bus-cycles:u,1148896,100.00,,
     0.390238607,2299904,,instructions:u,1148992,100.00,,
     0.391448027,0,,branch-misses:u,1212512,100.00,,
     0.391448027,2408,,cache-misses:u,1212704,100.00,,
     0.391448027,1610347,,bus-cycles:u,1212768,100.00,,
     0.391448027,2669180,,instructions:u,1212608,100.00,,
     0.392604212,1,,branch-misses:u,1156096,100.00,,
     0.392604212,15505,,cache-misses:u,1156416,100.00,,
     0.392604212,1518081,,bus-cycles:u,1156448,100.00,,
     0.392604212,2431423,,instructions:u,1156640,100.00,,
     0.393759757,0,,branch-misses:u,1154144,100.00,,
     0.393759757,55233,,cache-misses:u,1153248,100.00,,
     0.393759757,1531513,,bus-cycles:u,1153216,100.00,,
     0.393759757,2217405,,instructions:u,1153184,100.00,,
     0.394907815,0,,branch-misses:u,1148352,100.00,,
     0.394907815,54921,,cache-misses:u,1149088,100.00,,
     0.394907815,1524189,,bus-cycles:u,1149088,100.00,,
     0.394907815,2207820,,instructions:u,1149024,100.00,,
     0.396056673,0,,branch-misses:u,1150016,100.00,,
     0.396056673,7803,,cache-misses:u,1150592,100.00,,
     0.396056673,1515493,,bus-cycles:u,1150656,100.00,,
     0.396056673,2479417,,instructions:u,1150624,100.00,,
     0.397220760,0,,branch-misses:u,1163552,100.00,,
     0.397220760,2322,,cache-misses:u,1162976,100.00,,
     0.397220760,1543267,,bus-cycles:u,1162880,100.00,,
     0.397220760,2557792,,instructions:u,1162944,100.00,,
     0.398368755,1,,branch-misses:u,1147424,100.00,,
     0.398368755,44783,,cache-misses:u,1146784,100.00,,
     0.398368755,1521084,,bus-cycles:u,1146816,100.00,,
     0.398368755,2253400,,instructions:u,1146784,100.00,,
     0.399514766,0,,branch-misses:u,1145824,100.00,,
     0.399514766,54416,,cache-misses:u,1145696,100.00,,
     0.399514766,1520632,,bus-cycles:u,1146240,100.00,,
     0.399514766,2201460,,instructions:u,1146240,100.00,,
     0.400662216,0,,branch-misses:u,1149600,100.00,,
     0.400662216,31476,,cache-misses:u,1150624,100.00,,
     0.400662216,1509276,,bus-cycles:u,1150016,100.00,,
     0.400662216,2323563,,instructions:u,1149920,100.00,,
     0.401819137,0,,branch-misses:u,1156512,100.00,,
     0.401819137,2169,,cache-misses:u,1156032,100.00,,
     0.401819137,1534783,,bus-cycles:u,1155936,100.00,,
     0.401819137,2544040,,instructions:u,1156096,100.00,,
     0.402968667,14,,branch-misses:u,1151328,100.00,,
     0.402968667,8849,,cache-misses:u,1152256,100.00,,
     0.402968667,1198988,,bus-cycles:u,1152352,100.00,,
     0.402968667,1914053,,instructions:u,1152288,100.00,,
     0.404027050,102,,branch-misses:u,962432,100.00,,
     0.404027050,81,,cache-misses:u,957952,100.00,,
     0.404027050,33453,,bus-cycles:u,955424,100.00,,
     0.404027050,1254,,instructions:u,952832,100.00,,
